,ask,bid,time,med
T,24.15,24.13,2021-11-22 11:03:03.177580,24.14
,ask,bid,time,med
T,24.15,24.13,2021-11-22 11:03:11.756423,24.14
,ask,bid,time,med
T,24.15,24.13,2021-11-22 11:03:20.951770,24.14
,ask,bid,time,med
T,24.15,24.13,2021-11-22 11:03:26.831045,24.14
,ask,bid,time,med
T,24.15,24.13,2021-11-22 11:03:34.242305,24.14
,ask,bid,time,med
T,24.15,24.13,2021-11-22 11:03:42.343826,24.14
,ask,bid,time,med
T,24.15,24.13,2021-11-22 11:03:51.251276,24.14
,ask,bid,time,med
T,24.15,24.13,2021-11-22 11:03:53.232319,24.14
,ask,bid,time,med
T,24.15,24.13,2021-11-22 11:04:03.435169,24.14
,ask,bid,time,med
T,24.15,24.13,2021-11-22 11:04:10.405623,24.14
,ask,bid,time,med
T,24.15,24.13,2021-11-22 11:04:17.756084,24.14
,ask,bid,time,med
T,24.15,24.13,2021-11-22 11:04:23.015067,24.14
,ask,bid,time,med
T,24.15,24.13,2021-11-22 11:04:32.626403,24.14
,ask,bid,time,med
T,24.15,24.13,2021-11-22 11:04:36.016649,24.14
,ask,bid,time,med
T,24.15,24.13,2021-11-22 11:04:45.973733,24.14
,ask,bid,time,med
T,24.15,24.13,2021-11-22 11:04:50.367851,24.14
,ask,bid,time,med
T,24.15,24.13,2021-11-22 11:04:56.090540,24.14
,ask,bid,time,med
T,24.15,24.13,2021-11-22 11:05:05.758958,24.14
,ask,bid,time,med
T,24.15,24.13,2021-11-22 11:05:10.895823,24.14
,ask,bid,time,med
T,24.15,24.13,2021-11-22 11:05:19.682762,24.14
,ask,bid,time,med
T,24.15,24.13,2021-11-22 11:05:22.841694,24.14
,ask,bid,time,med
T,24.15,24.13,2021-11-22 11:05:33.421656,24.14
,ask,bid,time,med
T,24.15,24.13,2021-11-22 11:05:37.670415,24.14
,ask,bid,time,med
T,24.15,24.13,2021-11-22 11:05:45.875943,24.14
,ask,bid,time,med
T,24.15,24.13,2021-11-22 11:06:00.406217,24.14
,ask,bid,time,med
T,24.15,24.13,2021-11-22 11:06:06.345129,24.14
,ask,bid,time,med
T,24.15,24.13,2021-11-22 11:06:14.778115,24.14
,ask,bid,time,med
T,24.15,24.13,2021-11-22 11:06:19.286381,24.14
,ask,bid,time,med
T,24.15,24.13,2021-11-22 11:06:24.359323,24.14
,ask,bid,time,med
T,24.15,24.13,2021-11-22 11:06:30.835135,24.14
,ask,bid,time,med
T,24.15,24.13,2021-11-22 11:06:35.401169,24.14
,ask,bid,time,med
T,24.15,24.13,2021-11-22 11:06:44.395338,24.14
,ask,bid,time,med
T,24.15,24.13,2021-11-22 11:06:53.979157,24.14
,ask,bid,time,med
T,24.15,24.13,2021-11-22 11:07:00.967169,24.14
,ask,bid,time,med
T,24.15,24.13,2021-11-22 11:07:05.928882,24.14
,ask,bid,time,med
T,24.15,24.13,2021-11-22 11:07:12.312229,24.14
,ask,bid,time,med
T,24.15,24.13,2021-11-22 11:07:20.364328,24.14
,ask,bid,time,med
T,24.15,24.13,2021-11-22 11:07:27.246327,24.14
,ask,bid,time,med
T,24.15,24.13,2021-11-22 11:07:30.830475,24.14
,ask,bid,time,med
T,24.15,24.13,2021-11-22 11:07:38.344101,24.14
,ask,bid,time,med
T,24.15,24.13,2021-11-22 11:07:44.582400,24.14
,ask,bid,time,med
T,24.15,24.13,2021-11-22 11:07:54.754595,24.14
,ask,bid,time,med
T,24.15,24.13,2021-11-22 11:08:02.595259,24.14
,ask,bid,time,med
T,24.15,24.13,2021-11-22 11:08:06.825526,24.14
,ask,bid,time,med
T,24.15,24.13,2021-11-22 11:08:14.147824,24.14
,ask,bid,time,med
T,24.15,24.13,2021-11-22 11:08:21.518639,24.14
,ask,bid,time,med
T,24.15,24.13,2021-11-22 11:08:30.300524,24.14
,ask,bid,time,med
T,24.15,24.13,2021-11-22 11:08:36.340674,24.14
,ask,bid,time,med
T,24.15,24.13,2021-11-22 11:08:42.199440,24.14
,ask,bid,time,med
T,24.15,24.13,2021-11-22 11:08:48.788134,24.14
,ask,bid,time,med
T,24.15,24.13,2021-11-22 11:08:57.032324,24.14
,ask,bid,time,med
T,24.15,24.13,2021-11-22 11:09:02.702596,24.14
,ask,bid,time,med
T,24.15,24.13,2021-11-22 11:09:10.752671,24.14
,ask,bid,time,med
T,24.15,24.13,2021-11-22 11:09:13.492912,24.14
,ask,bid,time,med
T,24.15,24.13,2021-11-22 11:09:25.410089,24.14
,ask,bid,time,med
T,24.15,24.13,2021-11-22 11:09:33.812456,24.14
,ask,bid,time,med
T,24.15,24.13,2021-11-22 11:09:39.214087,24.14
,ask,bid,time,med
T,24.15,24.13,2021-11-22 11:09:45.023464,24.14
,ask,bid,time,med
T,24.15,24.13,2021-11-22 11:09:52.995161,24.14
,ask,bid,time,med
T,24.15,24.13,2021-11-22 11:09:57.486821,24.14
,ask,bid,time,med
T,24.15,24.13,2021-11-22 11:10:09.216754,24.14
,ask,bid,time,med
T,24.15,24.13,2021-11-22 11:10:17.784570,24.14
,ask,bid,time,med
T,24.15,24.13,2021-11-22 11:10:23.758626,24.14
,ask,bid,time,med
T,24.15,24.13,2021-11-22 11:10:29.432251,24.14
,ask,bid,time,med
T,24.15,24.13,2021-11-22 11:10:36.691146,24.14
,ask,bid,time,med
T,24.15,24.13,2021-11-22 11:10:43.674637,24.14
,ask,bid,time,med
T,24.15,24.13,2021-11-22 11:10:54.359534,24.14
,ask,bid,time,med
T,24.15,24.13,2021-11-22 11:11:02.441441,24.14
,ask,bid,time,med
T,24.15,24.13,2021-11-22 11:11:06.858347,24.14
,ask,bid,time,med
T,24.15,24.13,2021-11-22 11:11:17.358551,24.14
,ask,bid,time,med
T,24.15,24.13,2021-11-22 11:11:25.699296,24.14
,ask,bid,time,med
T,24.15,24.13,2021-11-22 11:11:34.192430,24.14
,ask,bid,time,med
T,24.15,24.13,2021-11-22 11:11:41.028082,24.14
,ask,bid,time,med
T,24.15,24.13,2021-11-22 11:11:50.198184,24.14
,ask,bid,time,med
T,24.15,24.13,2021-11-22 11:11:55.856033,24.14
,ask,bid,time,med
T,24.15,24.13,2021-11-22 11:11:59.727943,24.14
,ask,bid,time,med
T,24.15,24.13,2021-11-22 11:12:10.111499,24.14
,ask,bid,time,med
T,24.15,24.13,2021-11-22 11:12:12.040643,24.14
,ask,bid,time,med
T,24.15,24.13,2021-11-22 11:12:22.958110,24.14
,ask,bid,time,med
T,24.15,24.13,2021-11-22 11:12:27.719007,24.14
,ask,bid,time,med
T,24.15,24.13,2021-11-22 11:12:36.225786,24.14
,ask,bid,time,med
T,24.15,24.13,2021-11-22 11:12:41.504940,24.14
,ask,bid,time,med
T,24.15,24.13,2021-11-22 11:12:50.349267,24.14
,ask,bid,time,med
T,24.15,24.13,2021-11-22 11:12:54.570638,24.14
,ask,bid,time,med
T,24.15,24.13,2021-11-22 11:13:02.663629,24.14
,ask,bid,time,med
T,24.15,24.13,2021-11-22 11:13:08.584289,24.14
,ask,bid,time,med
T,24.15,24.13,2021-11-22 11:13:17.377675,24.14
,ask,bid,time,med
T,24.15,24.13,2021-11-22 11:13:23.432061,24.14
,ask,bid,time,med
T,24.15,24.13,2021-11-22 11:13:33.108259,24.14
,ask,bid,time,med
T,24.15,24.13,2021-11-22 11:13:40.904943,24.14
,ask,bid,time,med
T,24.15,24.13,2021-11-22 11:13:43.752963,24.14
,ask,bid,time,med
T,24.15,24.13,2021-11-22 11:13:55.318176,24.14
,ask,bid,time,med
T,24.15,24.13,2021-11-22 11:14:00.465756,24.14
,ask,bid,time,med
T,24.15,24.13,2021-11-22 11:14:06.421482,24.14
,ask,bid,time,med
T,24.15,24.13,2021-11-22 11:14:14.030347,24.14
,ask,bid,time,med
T,24.15,24.13,2021-11-22 11:14:17.190776,24.14
,ask,bid,time,med
T,24.15,24.13,2021-11-22 11:14:27.018015,24.14
,ask,bid,time,med
T,24.15,24.13,2021-11-22 11:14:32.354038,24.14
,ask,bid,time,med
T,24.15,24.13,2021-11-22 11:14:39.554376,24.14
,ask,bid,time,med
T,24.15,24.13,2021-11-22 11:14:49.648537,24.14
,ask,bid,time,med
T,24.15,24.13,2021-11-22 11:14:55.188068,24.14
,ask,bid,time,med
T,24.15,24.13,2021-11-22 11:15:00.971693,24.14
,ask,bid,time,med
T,24.15,24.13,2021-11-22 11:15:06.829020,24.14
,ask,bid,time,med
T,24.15,24.13,2021-11-22 11:15:13.579621,24.14
,ask,bid,time,med
T,24.15,24.13,2021-11-22 11:15:21.053489,24.14
,ask,bid,time,med
T,24.15,24.13,2021-11-22 11:15:28.300398,24.14
,ask,bid,time,med
T,24.15,24.13,2021-11-22 11:15:31.913675,24.14
,ask,bid,time,med
T,24.15,24.13,2021-11-22 11:15:38.278456,24.14
,ask,bid,time,med
T,24.15,24.13,2021-11-22 11:15:43.209077,24.14
,ask,bid,time,med
T,24.15,24.13,2021-11-22 11:15:52.098809,24.14
,ask,bid,time,med
T,24.15,24.13,2021-11-22 11:15:59.318967,24.14
,ask,bid,time,med
T,24.15,24.13,2021-11-22 11:16:05.434831,24.14
,ask,bid,time,med
T,24.15,24.13,2021-11-22 11:16:08.860756,24.14
,ask,bid,time,med
T,24.15,24.13,2021-11-22 11:16:17.884728,24.14
,ask,bid,time,med
T,24.15,24.13,2021-11-22 11:16:23.780542,24.14
,ask,bid,time,med
T,24.15,24.13,2021-11-22 11:16:30.730479,24.14
,ask,bid,time,med
T,24.15,24.13,2021-11-22 11:16:36.558569,24.14
,ask,bid,time,med
T,24.15,24.13,2021-11-22 11:16:41.806937,24.14
,ask,bid,time,med
T,24.15,24.13,2021-11-22 11:16:50.728803,24.14
,ask,bid,time,med
T,24.15,24.13,2021-11-22 11:16:57.342032,24.14
,ask,bid,time,med
T,24.15,24.13,2021-11-22 11:17:03.217376,24.14
,ask,bid,time,med
T,24.15,24.13,2021-11-22 11:17:13.519890,24.14
,ask,bid,time,med
T,24.15,24.13,2021-11-22 11:17:20.596284,24.14
,ask,bid,time,med
T,24.15,24.13,2021-11-22 11:17:25.268582,24.14
,ask,bid,time,med
T,24.15,24.13,2021-11-22 11:17:31.910523,24.14
,ask,bid,time,med
T,24.15,24.13,2021-11-22 11:17:39.187476,24.14
,ask,bid,time,med
T,24.15,24.13,2021-11-22 11:17:45.363511,24.14
,ask,bid,time,med
T,24.15,24.13,2021-11-22 11:17:54.674316,24.14
,ask,bid,time,med
T,24.15,24.13,2021-11-22 11:18:00.143496,24.14
,ask,bid,time,med
T,24.15,24.13,2021-11-22 11:18:07.363808,24.14
,ask,bid,time,med
T,24.15,24.13,2021-11-22 11:18:12.495410,24.14
,ask,bid,time,med
T,24.15,24.13,2021-11-22 11:18:24.174256,24.14
,ask,bid,time,med
T,24.15,24.13,2021-11-22 11:18:33.039980,24.14
,ask,bid,time,med
T,24.15,24.13,2021-11-22 11:18:40.314022,24.14
,ask,bid,time,med
T,24.15,24.13,2021-11-22 11:18:43.451024,24.14
,ask,bid,time,med
T,24.15,24.13,2021-11-22 11:18:51.711067,24.14
,ask,bid,time,med
T,24.15,24.13,2021-11-22 11:18:59.938520,24.14
,ask,bid,time,med
T,24.15,24.13,2021-11-22 11:19:05.487441,24.14
,ask,bid,time,med
T,24.15,24.13,2021-11-22 11:19:14.988724,24.14
,ask,bid,time,med
T,24.15,24.13,2021-11-22 11:19:23.361772,24.14
,ask,bid,time,med
T,24.15,24.13,2021-11-22 11:19:32.371611,24.14
,ask,bid,time,med
T,24.15,24.13,2021-11-22 11:19:38.712345,24.14
,ask,bid,time,med
T,24.15,24.13,2021-11-22 11:19:48.491329,24.14
,ask,bid,time,med
T,24.15,24.13,2021-11-22 11:19:52.916841,24.14
,ask,bid,time,med
T,24.15,24.13,2021-11-22 11:20:02.780031,24.14
,ask,bid,time,med
T,24.15,24.13,2021-11-22 11:20:11.063884,24.14
,ask,bid,time,med
T,24.15,24.13,2021-11-22 11:20:19.007020,24.14
,ask,bid,time,med
T,24.15,24.13,2021-11-22 11:20:23.773201,24.14
,ask,bid,time,med
T,24.15,24.13,2021-11-22 11:20:34.999407,24.14
,ask,bid,time,med
T,24.15,24.13,2021-11-22 11:20:37.525895,24.14
,ask,bid,time,med
T,24.15,24.13,2021-11-22 11:20:44.904941,24.14
,ask,bid,time,med
T,24.15,24.13,2021-11-22 11:20:56.516627,24.14
,ask,bid,time,med
T,24.15,24.13,2021-11-22 11:21:05.102554,24.14
,ask,bid,time,med
T,24.15,24.13,2021-11-22 11:21:10.604759,24.14
,ask,bid,time,med
T,24.15,24.13,2021-11-22 11:21:16.448779,24.14
,ask,bid,time,med
T,24.15,24.13,2021-11-22 11:21:30.303650,24.14
,ask,bid,time,med
T,24.15,24.13,2021-11-22 11:21:37.654008,24.14
,ask,bid,time,med
T,24.15,24.13,2021-11-22 11:21:41.482845,24.14
,ask,bid,time,med
T,24.15,24.13,2021-11-22 11:21:52.931716,24.14
,ask,bid,time,med
T,24.15,24.13,2021-11-22 11:22:00.457253,24.14
,ask,bid,time,med
T,24.15,24.13,2021-11-22 11:22:10.620369,24.14
,ask,bid,time,med
T,24.15,24.13,2021-11-22 11:22:14.735675,24.14
,ask,bid,time,med
T,24.15,24.13,2021-11-22 11:22:24.896859,24.14
,ask,bid,time,med
T,24.15,24.13,2021-11-22 11:22:35.303347,24.14
,ask,bid,time,med
T,24.15,24.13,2021-11-22 11:22:42.957864,24.14
,ask,bid,time,med
T,24.15,24.13,2021-11-22 11:22:48.885013,24.14
,ask,bid,time,med
T,24.15,24.13,2021-11-22 11:23:01.663344,24.14
,ask,bid,time,med
T,24.15,24.13,2021-11-22 11:23:09.658348,24.14
,ask,bid,time,med
T,24.15,24.13,2021-11-22 11:23:14.498403,24.14
,ask,bid,time,med
T,24.15,24.13,2021-11-22 11:23:24.461306,24.14
,ask,bid,time,med
T,24.15,24.13,2021-11-22 11:23:36.064310,24.14
,ask,bid,time,med
T,24.15,24.13,2021-11-22 11:23:42.987499,24.14
,ask,bid,time,med
T,24.15,24.13,2021-11-22 11:23:50.001567,24.14
,ask,bid,time,med
T,24.15,24.13,2021-11-22 11:24:00.949269,24.14
,ask,bid,time,med
T,24.15,24.13,2021-11-22 11:24:09.003384,24.14
,ask,bid,time,med
T,24.15,24.13,2021-11-22 11:24:15.108064,24.14
,ask,bid,time,med
T,24.15,24.13,2021-11-22 11:24:25.049075,24.14
,ask,bid,time,med
T,24.15,24.13,2021-11-22 11:24:36.672493,24.14
,ask,bid,time,med
T,24.15,24.13,2021-11-22 11:24:39.207322,24.14
,ask,bid,time,med
T,24.15,24.13,2021-11-22 11:24:50.631974,24.14
,ask,bid,time,med
T,24.15,24.13,2021-11-22 11:25:01.316599,24.14
,ask,bid,time,med
T,24.15,24.13,2021-11-22 11:25:10.620637,24.14
,ask,bid,time,med
T,24.15,24.13,2021-11-22 11:25:16.927483,24.14
,ask,bid,time,med
T,24.15,24.13,2021-11-22 11:25:26.134082,24.14
,ask,bid,time,med
T,24.15,24.13,2021-11-22 11:25:35.214999,24.14
,ask,bid,time,med
T,24.15,24.13,2021-11-22 11:25:46.403842,24.14
,ask,bid,time,med
T,24.15,24.13,2021-11-22 11:25:54.744441,24.14
,ask,bid,time,med
T,24.15,24.13,2021-11-22 11:26:05.988154,24.14
,ask,bid,time,med
T,24.15,24.13,2021-11-22 11:26:09.110505,24.14
,ask,bid,time,med
T,24.15,24.13,2021-11-22 11:26:21.251266,24.14
,ask,bid,time,med
T,24.15,24.13,2021-11-22 11:26:31.289225,24.14
,ask,bid,time,med
T,24.15,24.13,2021-11-22 11:26:43.599573,24.14
,ask,bid,time,med
T,24.15,24.13,2021-11-22 11:26:49.706961,24.14
,ask,bid,time,med
T,24.15,24.13,2021-11-22 11:26:59.733056,24.14
,ask,bid,time,med
T,24.15,24.13,2021-11-22 11:27:07.894832,24.14
,ask,bid,time,med
T,24.15,24.13,2021-11-22 11:27:19.409160,24.14
,ask,bid,time,med
T,24.15,24.13,2021-11-22 11:27:31.967367,24.14
,ask,bid,time,med
T,24.15,24.13,2021-11-22 11:27:40.206631,24.14
,ask,bid,time,med
T,24.15,24.13,2021-11-22 11:27:45.664222,24.14
,ask,bid,time,med
T,24.15,24.13,2021-11-22 11:27:54.526824,24.14
,ask,bid,time,med
T,24.15,24.13,2021-11-22 11:28:07.314916,24.14
,ask,bid,time,med
T,24.15,24.13,2021-11-22 11:28:14.531951,24.14
,ask,bid,time,med
T,24.15,24.13,2021-11-22 11:28:26.156713,24.14
,ask,bid,time,med
T,24.15,24.13,2021-11-22 11:28:38.290290,24.14
,ask,bid,time,med
T,24.15,24.13,2021-11-22 11:28:46.469010,24.14
,ask,bid,time,med
T,24.15,24.13,2021-11-22 11:28:58.885982,24.14
,ask,bid,time,med
T,24.15,24.13,2021-11-22 11:29:06.547024,24.14
,ask,bid,time,med
T,24.15,24.13,2021-11-22 11:29:11.981719,24.14
,ask,bid,time,med
T,24.15,24.13,2021-11-22 11:29:26.372468,24.14
,ask,bid,time,med
T,24.15,24.13,2021-11-22 11:29:33.402621,24.14
,ask,bid,time,med
T,24.15,24.13,2021-11-22 11:29:42.232396,24.14
,ask,bid,time,med
T,24.15,24.13,2021-11-22 11:29:56.452989,24.14
,ask,bid,time,med
T,24.15,24.13,2021-11-22 11:30:07.119627,24.14
,ask,bid,time,med
T,24.15,24.13,2021-11-22 11:30:18.751584,24.14
,ask,bid,time,med
T,24.15,24.13,2021-11-22 11:30:26.143565,24.14
,ask,bid,time,med
T,24.15,24.13,2021-11-22 11:30:33.694393,24.14
,ask,bid,time,med
T,24.15,24.13,2021-11-22 11:30:49.557366,24.14
,ask,bid,time,med
T,24.15,24.13,2021-11-22 11:30:53.326884,24.14
,ask,bid,time,med
T,24.15,24.13,2021-11-22 11:31:06.976476,24.14
,ask,bid,time,med
T,24.15,24.13,2021-11-22 11:31:18.256379,24.14
,ask,bid,time,med
T,24.15,24.13,2021-11-22 11:31:28.575204,24.14
,ask,bid,time,med
T,24.15,24.13,2021-11-22 11:31:35.087517,24.14
,ask,bid,time,med
T,24.15,24.13,2021-11-22 11:31:52.554582,24.14
,ask,bid,time,med
T,24.15,24.13,2021-11-22 11:31:59.781256,24.14
,ask,bid,time,med
T,24.15,24.13,2021-11-22 11:32:06.579379,24.14
,ask,bid,time,med
T,24.15,24.13,2021-11-22 11:32:18.250124,24.14
,ask,bid,time,med
T,24.15,24.13,2021-11-22 11:32:32.832251,24.14
,ask,bid,time,med
T,24.15,24.13,2021-11-22 11:32:44.842454,24.14
,ask,bid,time,med
T,24.15,24.13,2021-11-22 11:32:55.556152,24.14
,ask,bid,time,med
T,24.15,24.13,2021-11-22 11:33:05.756775,24.14
,ask,bid,time,med
T,24.15,24.13,2021-11-22 11:33:15.098874,24.14
,ask,bid,time,med
T,24.15,24.13,2021-11-22 11:33:26.970218,24.14
,ask,bid,time,med
T,24.15,24.13,2021-11-22 11:33:39.096688,24.14
,ask,bid,time,med
T,24.15,24.13,2021-11-22 11:33:43.401029,24.14
,ask,bid,time,med
T,24.15,24.13,2021-11-22 11:34:01.199469,24.14
,ask,bid,time,med
T,24.15,24.13,2021-11-22 11:34:07.767123,24.14
,ask,bid,time,med
T,24.15,24.13,2021-11-22 11:34:20.872055,24.14
,ask,bid,time,med
T,24.15,24.13,2021-11-22 11:34:33.675624,24.14
,ask,bid,time,med
T,24.15,24.13,2021-11-22 11:34:46.783104,24.14
,ask,bid,time,med
T,24.15,24.13,2021-11-22 11:34:51.298370,24.14
,ask,bid,time,med
T,24.15,24.13,2021-11-22 11:35:05.772699,24.14
,ask,bid,time,med
T,24.15,24.13,2021-11-22 11:35:19.096042,24.14
,ask,bid,time,med
T,24.15,24.13,2021-11-22 11:35:25.061236,24.14
,ask,bid,time,med
T,24.15,24.13,2021-11-22 11:35:38.530294,24.14
,ask,bid,time,med
T,24.15,24.13,2021-11-22 11:35:51.509020,24.14
,ask,bid,time,med
T,24.15,24.13,2021-11-22 11:36:03.151792,24.14
,ask,bid,time,med
T,24.15,24.13,2021-11-22 11:36:13.044633,24.14
,ask,bid,time,med
T,24.15,24.13,2021-11-22 11:36:24.551760,24.14
,ask,bid,time,med
T,24.15,24.13,2021-11-22 11:36:31.035443,24.14
,ask,bid,time,med
T,24.15,24.13,2021-11-22 11:36:45.768146,24.14
,ask,bid,time,med
T,24.15,24.13,2021-11-22 11:36:52.566443,24.14
,ask,bid,time,med
T,24.15,24.13,2021-11-22 11:37:11.477285,24.14
,ask,bid,time,med
T,24.15,24.13,2021-11-22 11:37:22.676797,24.14
,ask,bid,time,med
T,24.15,24.13,2021-11-22 11:37:38.402714,24.14
,ask,bid,time,med
T,24.15,24.13,2021-11-22 11:37:53.487286,24.14
,ask,bid,time,med
T,24.15,24.13,2021-11-22 11:37:59.490548,24.14
,ask,bid,time,med
T,24.15,24.13,2021-11-22 11:38:10.252678,24.14
,ask,bid,time,med
T,24.15,24.13,2021-11-22 11:38:21.461280,24.14
,ask,bid,time,med
T,24.15,24.13,2021-11-22 11:38:37.109059,24.14
,ask,bid,time,med
T,24.15,24.13,2021-11-22 11:38:46.708942,24.14
,ask,bid,time,med
T,24.15,24.13,2021-11-22 11:38:56.614104,24.14
,ask,bid,time,med
T,24.15,24.13,2021-11-22 11:39:12.832731,24.14
,ask,bid,time,med
T,24.15,24.13,2021-11-22 11:39:17.770795,24.14
,ask,bid,time,med
T,24.15,24.13,2021-11-22 11:39:23.092220,24.14
,ask,bid,time,med
T,24.15,24.13,2021-11-22 11:39:26.640941,24.14
,ask,bid,time,med
T,24.15,24.13,2021-11-22 11:39:31.214318,24.14
,ask,bid,time,med
T,24.15,24.13,2021-11-22 11:39:37.953968,24.14
,ask,bid,time,med
T,24.15,24.13,2021-11-22 11:39:41.346172,24.14
,ask,bid,time,med
T,24.15,24.13,2021-11-22 11:39:48.734938,24.14
,ask,bid,time,med
T,24.15,24.13,2021-11-22 11:39:52.102034,24.14
,ask,bid,time,med
T,24.15,24.13,2021-11-22 11:39:57.471328,24.14
,ask,bid,time,med
T,24.15,24.13,2021-11-22 11:40:01.837165,24.14
,ask,bid,time,med
T,24.15,24.13,2021-11-22 11:40:08.223293,24.14
,ask,bid,time,med
T,24.15,24.13,2021-11-22 11:40:12.860955,24.14
,ask,bid,time,med
T,24.15,24.13,2021-11-22 11:40:16.879909,24.14
,ask,bid,time,med
T,24.15,24.13,2021-11-22 11:40:21.371801,24.14
,ask,bid,time,med
T,24.15,24.13,2021-11-22 11:40:26.410390,24.14
,ask,bid,time,med
T,24.15,24.13,2021-11-22 11:40:31.142531,24.14
,ask,bid,time,med
T,24.15,24.13,2021-11-22 11:40:37.065348,24.14
,ask,bid,time,med
T,24.15,24.13,2021-11-22 11:40:42.392895,24.14
,ask,bid,time,med
T,24.15,24.13,2021-11-22 11:40:48.610269,24.14
,ask,bid,time,med
T,24.15,24.13,2021-11-22 11:40:55.482930,24.14
,ask,bid,time,med
T,24.15,24.13,2021-11-22 11:40:59.410486,24.14
,ask,bid,time,med
T,24.15,24.13,2021-11-22 11:41:05.552945,24.14
,ask,bid,time,med
T,24.15,24.13,2021-11-22 11:41:11.212030,24.14
,ask,bid,time,med
T,24.15,24.13,2021-11-22 11:41:17.132254,24.14
,ask,bid,time,med
T,24.15,24.13,2021-11-22 11:41:21.643430,24.14
,ask,bid,time,med
T,24.15,24.13,2021-11-22 11:41:25.948942,24.14
,ask,bid,time,med
T,24.15,24.13,2021-11-22 11:41:32.873334,24.14
,ask,bid,time,med
T,24.15,24.13,2021-11-22 11:41:38.215716,24.14
,ask,bid,time,med
T,24.15,24.13,2021-11-22 11:41:43.936928,24.14
,ask,bid,time,med
T,24.15,24.13,2021-11-22 11:41:46.340823,24.14
,ask,bid,time,med
T,24.15,24.13,2021-11-22 11:41:55.685480,24.14
,ask,bid,time,med
T,24.15,24.13,2021-11-22 11:41:59.410748,24.14
,ask,bid,time,med
T,24.15,24.13,2021-11-22 11:42:07.037857,24.14
,ask,bid,time,med
T,24.15,24.13,2021-11-22 11:42:13.621281,24.14
,ask,bid,time,med
T,24.15,24.13,2021-11-22 11:42:17.784625,24.14
,ask,bid,time,med
T,24.15,24.13,2021-11-22 11:42:24.950086,24.14
,ask,bid,time,med
T,24.15,24.13,2021-11-22 11:42:30.154051,24.14
,ask,bid,time,med
T,24.15,24.13,2021-11-22 11:42:36.403587,24.14
,ask,bid,time,med
T,24.15,24.13,2021-11-22 11:42:41.200623,24.14
,ask,bid,time,med
T,24.15,24.13,2021-11-22 11:42:46.908333,24.14
,ask,bid,time,med
T,24.15,24.13,2021-11-22 11:42:55.857441,24.14
,ask,bid,time,med
T,24.15,24.13,2021-11-22 11:42:59.904439,24.14
,ask,bid,time,med
T,24.15,24.13,2021-11-22 11:43:06.866747,24.14
,ask,bid,time,med
T,24.15,24.13,2021-11-22 11:43:12.601816,24.14
,ask,bid,time,med
T,24.15,24.13,2021-11-22 11:43:19.256054,24.14
,ask,bid,time,med
T,24.15,24.13,2021-11-22 11:43:25.693931,24.14
,ask,bid,time,med
T,24.15,24.13,2021-11-22 11:43:29.527667,24.14
,ask,bid,time,med
T,24.15,24.13,2021-11-22 11:43:39.729446,24.14
,ask,bid,time,med
T,24.15,24.13,2021-11-22 11:43:46.914140,24.14
,ask,bid,time,med
T,24.15,24.13,2021-11-22 11:43:51.927387,24.14
,ask,bid,time,med
T,24.15,24.13,2021-11-22 11:43:57.916049,24.14
,ask,bid,time,med
T,24.15,24.13,2021-11-22 11:44:05.539570,24.14
,ask,bid,time,med
T,24.15,24.13,2021-11-22 11:44:10.371369,24.14
,ask,bid,time,med
T,24.15,24.13,2021-11-22 11:44:16.980148,24.14
,ask,bid,time,med
T,24.15,24.13,2021-11-22 11:44:23.735398,24.14
,ask,bid,time,med
T,24.15,24.13,2021-11-22 11:44:28.039807,24.14
,ask,bid,time,med
T,24.15,24.13,2021-11-22 11:44:37.794785,24.14
,ask,bid,time,med
T,24.15,24.13,2021-11-22 11:44:42.383571,24.14
,ask,bid,time,med
T,24.15,24.13,2021-11-22 11:44:49.055018,24.14
,ask,bid,time,med
T,24.15,24.13,2021-11-22 11:44:56.037356,24.14
,ask,bid,time,med
T,24.15,24.13,2021-11-22 11:45:04.918621,24.14
,ask,bid,time,med
T,24.15,24.13,2021-11-22 11:45:09.676207,24.14
,ask,bid,time,med
T,24.15,24.13,2021-11-22 11:45:16.511232,24.14
,ask,bid,time,med
T,24.15,24.13,2021-11-22 11:45:20.969105,24.14
,ask,bid,time,med
T,24.15,24.13,2021-11-22 11:45:29.512504,24.14
,ask,bid,time,med
T,24.15,24.13,2021-11-22 11:45:36.092606,24.14
,ask,bid,time,med
T,24.15,24.13,2021-11-22 11:45:42.056460,24.14
,ask,bid,time,med
T,24.15,24.13,2021-11-22 11:45:48.664125,24.14
,ask,bid,time,med
T,24.15,24.13,2021-11-22 11:45:54.464610,24.14
,ask,bid,time,med
T,24.15,24.13,2021-11-22 11:46:03.220979,24.14
,ask,bid,time,med
T,24.15,24.13,2021-11-22 11:46:12.949010,24.14
,ask,bid,time,med
T,24.15,24.13,2021-11-22 11:46:15.530495,24.14
,ask,bid,time,med
T,24.15,24.13,2021-11-22 11:46:27.654850,24.14
,ask,bid,time,med
T,24.15,24.13,2021-11-22 11:46:35.821606,24.14
,ask,bid,time,med
T,24.15,24.13,2021-11-22 11:46:42.555192,24.14
,ask,bid,time,med
T,24.15,24.13,2021-11-22 11:46:48.706728,24.14
,ask,bid,time,med
T,24.15,24.13,2021-11-22 11:46:55.664043,24.14
,ask,bid,time,med
T,24.15,24.13,2021-11-22 11:47:08.516667,24.14
,ask,bid,time,med
T,24.15,24.13,2021-11-22 11:47:09.724065,24.14
,ask,bid,time,med
T,24.15,24.13,2021-11-22 11:47:22.693541,24.14
,ask,bid,time,med
T,24.15,24.13,2021-11-22 11:47:28.698074,24.14
,ask,bid,time,med
T,24.15,24.13,2021-11-22 11:47:33.896978,24.14
,ask,bid,time,med
T,24.15,24.13,2021-11-22 11:47:42.799486,24.14
,ask,bid,time,med
T,24.15,24.13,2021-11-22 11:47:49.300404,24.14
,ask,bid,time,med
T,24.15,24.13,2021-11-22 11:47:56.629691,24.14
,ask,bid,time,med
T,24.15,24.13,2021-11-22 11:48:01.887503,24.14
,ask,bid,time,med
T,24.15,24.13,2021-11-22 11:48:10.945942,24.14
,ask,bid,time,med
T,24.15,24.13,2021-11-22 11:48:17.017912,24.14
,ask,bid,time,med
T,24.15,24.13,2021-11-22 11:48:24.449811,24.14
,ask,bid,time,med
T,24.15,24.13,2021-11-22 11:48:35.256631,24.14
,ask,bid,time,med
T,24.15,24.13,2021-11-22 11:48:42.403004,24.14
,ask,bid,time,med
T,24.15,24.13,2021-11-22 11:48:48.114685,24.14
,ask,bid,time,med
T,24.15,24.13,2021-11-22 11:48:55.459274,24.14
,ask,bid,time,med
T,24.15,24.13,2021-11-22 11:49:00.592636,24.14
,ask,bid,time,med
T,24.15,24.13,2021-11-22 11:49:10.144250,24.14
,ask,bid,time,med
T,24.15,24.13,2021-11-22 11:49:14.370085,24.14
,ask,bid,time,med
T,24.15,24.13,2021-11-22 11:49:25.619025,24.14
,ask,bid,time,med
T,24.15,24.13,2021-11-22 11:49:32.853441,24.14
,ask,bid,time,med
T,24.15,24.13,2021-11-22 11:49:39.661074,24.14
,ask,bid,time,med
T,24.15,24.13,2021-11-22 11:49:47.397359,24.14
,ask,bid,time,med
T,24.15,24.13,2021-11-22 11:49:52.424528,24.14
,ask,bid,time,med
T,24.15,24.13,2021-11-22 11:50:01.000761,24.14
,ask,bid,time,med
T,24.15,24.13,2021-11-22 11:50:10.665353,24.14
,ask,bid,time,med
T,24.15,24.13,2021-11-22 11:50:19.082035,24.14
,ask,bid,time,med
T,24.15,24.13,2021-11-22 11:50:25.639810,24.14
,ask,bid,time,med
T,24.15,24.13,2021-11-22 11:50:31.154241,24.14
,ask,bid,time,med
T,24.15,24.13,2021-11-22 11:50:36.605764,24.14
,ask,bid,time,med
T,24.15,24.13,2021-11-22 11:50:43.179927,24.14
,ask,bid,time,med
T,24.15,24.13,2021-11-22 11:50:53.240878,24.14
,ask,bid,time,med
T,24.15,24.13,2021-11-22 11:50:59.593214,24.14
,ask,bid,time,med
T,24.15,24.13,2021-11-22 11:51:09.960436,24.14
,ask,bid,time,med
T,24.15,24.13,2021-11-22 11:51:17.628042,24.14
,ask,bid,time,med
T,24.15,24.13,2021-11-22 11:51:25.030361,24.14
,ask,bid,time,med
T,24.15,24.13,2021-11-22 11:51:33.102771,24.14
,ask,bid,time,med
T,24.15,24.13,2021-11-22 11:51:39.682348,24.14
,ask,bid,time,med
T,24.15,24.13,2021-11-22 11:51:49.812151,24.14
,ask,bid,time,med
T,24.15,24.13,2021-11-22 11:51:52.170289,24.14
,ask,bid,time,med
T,24.15,24.13,2021-11-22 11:52:03.319033,24.14
,ask,bid,time,med
T,24.15,24.13,2021-11-22 11:52:10.674858,24.14
,ask,bid,time,med
T,24.15,24.13,2021-11-22 11:52:16.646021,24.14
,ask,bid,time,med
T,24.15,24.13,2021-11-22 11:52:27.715245,24.14
,ask,bid,time,med
T,24.15,24.13,2021-11-22 11:52:31.889777,24.14
,ask,bid,time,med
T,24.15,24.13,2021-11-22 11:52:42.066362,24.14
,ask,bid,time,med
T,24.15,24.13,2021-11-22 11:52:49.290908,24.14
,ask,bid,time,med
T,24.15,24.13,2021-11-22 11:53:00.644179,24.14
,ask,bid,time,med
T,24.15,24.13,2021-11-22 11:53:05.305988,24.14
,ask,bid,time,med
T,24.15,24.13,2021-11-22 11:53:12.156943,24.14
,ask,bid,time,med
T,24.15,24.13,2021-11-22 11:53:20.863079,24.14
,ask,bid,time,med
T,24.15,24.13,2021-11-22 11:53:28.799802,24.14
,ask,bid,time,med
T,24.15,24.13,2021-11-22 11:53:40.004704,24.14
,ask,bid,time,med
T,24.15,24.13,2021-11-22 11:53:48.239861,24.14
,ask,bid,time,med
T,24.15,24.13,2021-11-22 11:53:54.791385,24.14
,ask,bid,time,med
T,24.15,24.13,2021-11-22 11:54:03.259723,24.14
,ask,bid,time,med
T,24.15,24.13,2021-11-22 11:54:08.967062,24.14
,ask,bid,time,med
T,24.15,24.13,2021-11-22 11:54:19.007527,24.14
,ask,bid,time,med
T,24.15,24.13,2021-11-22 11:54:26.643965,24.14
,ask,bid,time,med
T,24.15,24.13,2021-11-22 11:54:34.211637,24.14
,ask,bid,time,med
T,24.15,24.13,2021-11-22 11:54:39.350829,24.14
,ask,bid,time,med
T,24.15,24.13,2021-11-22 11:54:50.548167,24.14
,ask,bid,time,med
T,24.15,24.13,2021-11-22 11:55:02.660726,24.14
,ask,bid,time,med
T,24.15,24.13,2021-11-22 11:55:06.646748,24.14
,ask,bid,time,med
T,24.15,24.13,2021-11-22 11:55:18.168542,24.14
,ask,bid,time,med
T,24.15,24.13,2021-11-22 11:55:25.103693,24.14
,ask,bid,time,med
T,24.15,24.13,2021-11-22 11:55:32.878034,24.14
,ask,bid,time,med
T,24.15,24.13,2021-11-22 11:55:41.171986,24.14
,ask,bid,time,med
T,24.15,24.13,2021-11-22 11:55:52.899784,24.14
,ask,bid,time,med
T,24.15,24.13,2021-11-22 11:55:59.513455,24.14
,ask,bid,time,med
T,24.15,24.13,2021-11-22 11:56:08.124784,24.14
,ask,bid,time,med
T,24.15,24.13,2021-11-22 11:56:15.947008,24.14
,ask,bid,time,med
T,24.15,24.13,2021-11-22 11:56:24.669615,24.14
,ask,bid,time,med
T,24.15,24.13,2021-11-22 11:56:35.813893,24.14
,ask,bid,time,med
T,24.15,24.13,2021-11-22 11:56:42.237471,24.14
,ask,bid,time,med
T,24.15,24.13,2021-11-22 11:56:53.762349,24.14
,ask,bid,time,med
T,24.15,24.13,2021-11-22 11:57:00.872653,24.14
,ask,bid,time,med
T,24.15,24.13,2021-11-22 11:57:08.387744,24.14
,ask,bid,time,med
T,24.15,24.13,2021-11-22 11:57:20.626677,24.14
,ask,bid,time,med
T,24.15,24.13,2021-11-22 11:57:25.023533,24.14
,ask,bid,time,med
T,24.15,24.13,2021-11-22 11:57:34.861709,24.14
,ask,bid,time,med
T,24.15,24.13,2021-11-22 11:57:41.678973,24.14
,ask,bid,time,med
T,24.15,24.13,2021-11-22 11:57:52.284428,24.14
,ask,bid,time,med
T,24.15,24.13,2021-11-22 11:57:56.140455,24.14
,ask,bid,time,med
T,24.15,24.13,2021-11-22 11:58:08.610897,24.14
,ask,bid,time,med
T,24.15,24.13,2021-11-22 11:58:18.308607,24.14
,ask,bid,time,med
T,24.15,24.13,2021-11-22 11:58:27.579369,24.14
,ask,bid,time,med
T,24.15,24.13,2021-11-22 11:58:35.286817,24.14
,ask,bid,time,med
T,24.15,24.13,2021-11-22 11:58:44.156646,24.14
,ask,bid,time,med
T,24.15,24.13,2021-11-22 11:58:52.927931,24.14
,ask,bid,time,med
T,24.15,24.13,2021-11-22 11:59:04.601985,24.14
,ask,bid,time,med
T,24.15,24.13,2021-11-22 11:59:12.175871,24.14
,ask,bid,time,med
T,24.15,24.13,2021-11-22 11:59:19.740279,24.14
,ask,bid,time,med
T,24.15,24.13,2021-11-22 11:59:25.529090,24.14
,ask,bid,time,med
T,24.15,24.13,2021-11-22 11:59:39.054033,24.14
,ask,bid,time,med
T,24.15,24.13,2021-11-22 11:59:44.960148,24.14
,ask,bid,time,med
T,24.15,24.13,2021-11-22 11:59:50.246804,24.14
,ask,bid,time,med
T,24.15,24.13,2021-11-22 12:00:01.074329,24.14
,ask,bid,time,med
T,24.15,24.13,2021-11-22 12:00:15.255069,24.14
,ask,bid,time,med
T,24.15,24.13,2021-11-22 12:00:22.151632,24.14
,ask,bid,time,med
T,24.15,24.13,2021-11-22 12:00:30.257291,24.14
,ask,bid,time,med
T,24.15,24.13,2021-11-22 12:00:39.806337,24.14
,ask,bid,time,med
T,24.15,24.13,2021-11-22 12:00:49.361506,24.14
,ask,bid,time,med
T,24.15,24.13,2021-11-22 12:00:55.310971,24.14
,ask,bid,time,med
T,24.15,24.13,2021-11-22 12:01:06.285584,24.14
,ask,bid,time,med
T,24.15,24.13,2021-11-22 12:01:17.928827,24.14
,ask,bid,time,med
T,24.15,24.13,2021-11-22 12:01:22.654085,24.14
,ask,bid,time,med
T,24.15,24.13,2021-11-22 12:01:30.895916,24.14
,ask,bid,time,med
T,24.15,24.13,2021-11-22 12:01:42.991357,24.14
,ask,bid,time,med
T,24.15,24.13,2021-11-22 12:01:50.815595,24.14
,ask,bid,time,med
T,24.15,24.13,2021-11-22 12:02:01.202907,24.14
,ask,bid,time,med
T,24.15,24.13,2021-11-22 12:02:09.756029,24.14
,ask,bid,time,med
T,24.15,24.13,2021-11-22 12:02:18.581783,24.14
,ask,bid,time,med
T,24.15,24.13,2021-11-22 12:02:26.189168,24.14
,ask,bid,time,med
T,24.15,24.13,2021-11-22 12:02:35.325060,24.14
,ask,bid,time,med
T,24.15,24.13,2021-11-22 12:02:50.098161,24.14
,ask,bid,time,med
T,24.15,24.13,2021-11-22 12:02:55.499106,24.14
,ask,bid,time,med
T,24.15,24.13,2021-11-22 12:03:00.705252,24.14
,ask,bid,time,med
T,24.15,24.13,2021-11-22 12:03:16.172363,24.14
,ask,bid,time,med
T,24.15,24.13,2021-11-22 12:03:26.147757,24.14
,ask,bid,time,med
T,24.15,24.13,2021-11-22 12:03:30.857727,24.14
,ask,bid,time,med
T,24.15,24.13,2021-11-22 12:03:40.274385,24.14
,ask,bid,time,med
T,24.15,24.13,2021-11-22 12:03:51.333722,24.14
,ask,bid,time,med
T,24.15,24.13,2021-11-22 12:04:02.514347,24.14
,ask,bid,time,med
T,24.15,24.13,2021-11-22 12:04:09.745993,24.14
,ask,bid,time,med
T,24.15,24.13,2021-11-22 12:04:21.632933,24.14
,ask,bid,time,med
T,24.15,24.13,2021-11-22 12:04:30.679141,24.14
,ask,bid,time,med
T,24.15,24.13,2021-11-22 12:04:35.685869,24.14
,ask,bid,time,med
T,24.15,24.13,2021-11-22 12:04:48.302631,24.14
,ask,bid,time,med
T,24.15,24.13,2021-11-22 12:04:59.569361,24.14
,ask,bid,time,med
T,24.15,24.13,2021-11-22 12:05:07.939443,24.14
,ask,bid,time,med
T,24.15,24.13,2021-11-22 12:05:14.357203,24.14
,ask,bid,time,med
T,24.15,24.13,2021-11-22 12:05:26.263087,24.14
,ask,bid,time,med
T,24.15,24.13,2021-11-22 12:05:33.509376,24.14
,ask,bid,time,med
T,24.15,24.13,2021-11-22 12:05:42.841417,24.14
,ask,bid,time,med
T,24.15,24.13,2021-11-22 12:05:55.006295,24.14
,ask,bid,time,med
T,24.15,24.13,2021-11-22 12:06:01.448476,24.14
,ask,bid,time,med
T,24.15,24.13,2021-11-22 12:06:10.344802,24.14
,ask,bid,time,med
T,24.15,24.13,2021-11-22 12:06:21.137995,24.14
,ask,bid,time,med
T,24.15,24.13,2021-11-22 12:06:30.336710,24.14
,ask,bid,time,med
T,24.15,24.13,2021-11-22 12:06:38.388455,24.14
,ask,bid,time,med
T,24.15,24.13,2021-11-22 12:06:48.116931,24.14
,ask,bid,time,med
T,24.15,24.13,2021-11-22 12:06:56.370205,24.14
,ask,bid,time,med
T,24.15,24.13,2021-11-22 12:07:07.545267,24.14
,ask,bid,time,med
T,24.15,24.13,2021-11-22 12:07:18.275178,24.14
,ask,bid,time,med
T,24.15,24.13,2021-11-22 12:07:27.971114,24.14
,ask,bid,time,med
T,24.15,24.13,2021-11-22 12:07:35.640124,24.14
,ask,bid,time,med
T,24.15,24.13,2021-11-22 12:07:43.529966,24.14
,ask,bid,time,med
T,24.15,24.13,2021-11-22 12:07:52.131425,24.14
,ask,bid,time,med
T,24.15,24.13,2021-11-22 12:08:02.140882,24.14
,ask,bid,time,med
T,24.15,24.13,2021-11-22 12:08:13.152839,24.14
,ask,bid,time,med
T,24.15,24.13,2021-11-22 12:08:21.370072,24.14
,ask,bid,time,med
T,24.15,24.13,2021-11-22 12:08:31.995159,24.14
,ask,bid,time,med
T,24.15,24.13,2021-11-22 12:08:40.256968,24.14
,ask,bid,time,med
T,24.15,24.13,2021-11-22 12:08:50.032561,24.14
,ask,bid,time,med
T,24.15,24.13,2021-11-22 12:09:02.188812,24.14
,ask,bid,time,med
T,24.15,24.13,2021-11-22 12:09:09.545627,24.14
,ask,bid,time,med
T,24.15,24.13,2021-11-22 12:09:18.116701,24.14
,ask,bid,time,med
T,24.15,24.13,2021-11-22 12:09:29.176489,24.14
,ask,bid,time,med
T,24.15,24.13,2021-11-22 12:09:38.031038,24.14
,ask,bid,time,med
T,24.15,24.13,2021-11-22 12:09:50.868875,24.14
,ask,bid,time,med
T,24.15,24.13,2021-11-22 12:10:00.724191,24.14
,ask,bid,time,med
T,24.15,24.13,2021-11-22 12:10:09.436116,24.14
,ask,bid,time,med
T,24.15,24.13,2021-11-22 12:10:18.984139,24.14
,ask,bid,time,med
T,24.15,24.13,2021-11-22 12:10:27.904016,24.14
,ask,bid,time,med
T,24.15,24.13,2021-11-22 12:10:37.869932,24.14
,ask,bid,time,med
T,24.15,24.13,2021-11-22 12:10:49.491620,24.14
,ask,bid,time,med
T,24.15,24.13,2021-11-22 12:10:57.202021,24.14
,ask,bid,time,med
T,24.15,24.13,2021-11-22 12:11:08.988681,24.14
,ask,bid,time,med
T,24.15,24.13,2021-11-22 12:11:14.954474,24.14
,ask,bid,time,med
T,24.15,24.13,2021-11-22 12:11:29.313872,24.14
,ask,bid,time,med
T,24.15,24.13,2021-11-22 12:11:38.264432,24.14
,ask,bid,time,med
T,24.15,24.13,2021-11-22 12:11:48.174936,24.14
,ask,bid,time,med
T,24.15,24.13,2021-11-22 12:12:00.018559,24.14
,ask,bid,time,med
T,24.15,24.13,2021-11-22 12:12:02.276286,24.14
,ask,bid,time,med
T,24.15,24.13,2021-11-22 12:12:15.693752,24.14
,ask,bid,time,med
T,24.15,24.13,2021-11-22 12:12:27.984989,24.14
,ask,bid,time,med
T,24.15,24.13,2021-11-22 12:12:44.074854,24.14
,ask,bid,time,med
T,24.15,24.13,2021-11-22 12:12:52.977222,24.14
,ask,bid,time,med
T,24.15,24.13,2021-11-22 12:13:05.573466,24.14
,ask,bid,time,med
T,24.15,24.13,2021-11-22 12:13:13.337602,24.14
,ask,bid,time,med
T,24.15,24.13,2021-11-22 12:13:26.127714,24.14
,ask,bid,time,med
T,24.15,24.13,2021-11-22 12:13:34.708050,24.14
,ask,bid,time,med
T,24.15,24.13,2021-11-22 12:13:39.527186,24.14
,ask,bid,time,med
T,24.15,24.13,2021-11-22 12:13:58.230271,24.14
,ask,bid,time,med
T,24.15,24.13,2021-11-22 12:14:05.197161,24.14
,ask,bid,time,med
T,24.15,24.13,2021-11-22 12:14:12.570311,24.14
,ask,bid,time,med
T,24.15,24.13,2021-11-22 12:14:28.718546,24.14
,ask,bid,time,med
T,24.15,24.13,2021-11-22 12:14:34.063385,24.14
,ask,bid,time,med
T,24.15,24.13,2021-11-22 12:14:43.582901,24.14
,ask,bid,time,med
T,24.15,24.13,2021-11-22 12:14:56.312336,24.14
,ask,bid,time,med
T,24.15,24.13,2021-11-22 12:15:06.957341,24.14
,ask,bid,time,med
T,24.15,24.13,2021-11-22 12:15:18.147361,24.14
,ask,bid,time,med
T,24.15,24.13,2021-11-22 12:15:26.966263,24.14
,ask,bid,time,med
T,24.15,24.13,2021-11-22 12:15:38.127066,24.14
,ask,bid,time,med
T,24.15,24.13,2021-11-22 12:15:41.079203,24.14
,ask,bid,time,med
T,24.15,24.13,2021-11-22 12:15:56.735288,24.14
,ask,bid,time,med
T,24.15,24.13,2021-11-22 12:16:09.984689,24.14
,ask,bid,time,med
T,24.15,24.13,2021-11-22 12:16:15.686275,24.14
,ask,bid,time,med
T,24.15,24.13,2021-11-22 12:16:27.386969,24.14
,ask,bid,time,med
T,24.15,24.13,2021-11-22 12:16:36.768273,24.14
,ask,bid,time,med
T,24.15,24.13,2021-11-22 12:16:46.333989,24.14
,ask,bid,time,med
T,24.15,24.13,2021-11-22 12:16:57.367080,24.14
,ask,bid,time,med
T,24.15,24.13,2021-11-22 12:17:11.431943,24.14
,ask,bid,time,med
T,24.15,24.13,2021-11-22 12:17:18.471541,24.14
,ask,bid,time,med
T,24.15,24.13,2021-11-22 12:17:29.530436,24.14
,ask,bid,time,med
T,24.15,24.13,2021-11-22 12:17:37.822166,24.14
,ask,bid,time,med
T,24.15,24.13,2021-11-22 12:17:44.800926,24.14
,ask,bid,time,med
T,24.15,24.13,2021-11-22 12:17:58.596610,24.14
,ask,bid,time,med
T,24.15,24.13,2021-11-22 12:18:09.039341,24.14
,ask,bid,time,med
T,24.15,24.13,2021-11-22 12:18:22.400768,24.14
,ask,bid,time,med
T,24.15,24.13,2021-11-22 12:18:35.704689,24.14
,ask,bid,time,med
T,24.15,24.13,2021-11-22 12:18:46.265710,24.14
,ask,bid,time,med
T,24.15,24.13,2021-11-22 12:19:02.196892,24.14
,ask,bid,time,med
T,24.15,24.13,2021-11-22 12:19:09.666099,24.14
,ask,bid,time,med
T,24.15,24.13,2021-11-22 12:19:20.365731,24.14
,ask,bid,time,med
T,24.15,24.13,2021-11-22 12:19:28.543027,24.14
,ask,bid,time,med
T,24.15,24.13,2021-11-22 12:19:44.115898,24.14
,ask,bid,time,med
T,24.15,24.13,2021-11-22 12:19:56.226657,24.14
,ask,bid,time,med
T,24.15,24.13,2021-11-22 12:20:00.885937,24.14
,ask,bid,time,med
T,24.15,24.13,2021-11-22 12:20:20.868037,24.14
,ask,bid,time,med
T,24.15,24.13,2021-11-22 12:20:28.894176,24.14
,ask,bid,time,med
T,24.15,24.13,2021-11-22 12:20:40.913895,24.14
,ask,bid,time,med
T,24.15,24.13,2021-11-22 12:20:47.375886,24.14
,ask,bid,time,med
T,24.15,24.13,2021-11-22 12:20:58.699073,24.14
,ask,bid,time,med
T,24.15,24.13,2021-11-22 12:21:10.027716,24.14
,ask,bid,time,med
T,24.15,24.13,2021-11-22 12:21:21.276401,24.14
,ask,bid,time,med
T,24.15,24.13,2021-11-22 12:21:34.362763,24.14
,ask,bid,time,med
T,24.15,24.13,2021-11-22 12:21:44.501233,24.14
,ask,bid,time,med
T,24.15,24.13,2021-11-22 12:21:51.612734,24.14
,ask,bid,time,med
T,24.15,24.13,2021-11-22 12:22:05.330393,24.14
,ask,bid,time,med
T,24.15,24.13,2021-11-22 12:22:13.724308,24.14
,ask,bid,time,med
T,24.15,24.13,2021-11-22 12:22:29.277989,24.14
,ask,bid,time,med
T,24.15,24.13,2021-11-22 12:22:36.843034,24.14
,ask,bid,time,med
T,24.15,24.13,2021-11-22 12:22:43.323244,24.14
,ask,bid,time,med
T,24.15,24.13,2021-11-22 12:22:59.402667,24.14
,ask,bid,time,med
T,24.15,24.13,2021-11-22 12:23:12.951927,24.14
,ask,bid,time,med
T,24.15,24.13,2021-11-22 12:23:30.498463,24.14
,ask,bid,time,med
T,24.15,24.13,2021-11-22 12:23:42.786857,24.14
,ask,bid,time,med
T,24.15,24.13,2021-11-22 12:23:47.608542,24.14
,ask,bid,time,med
T,24.15,24.13,2021-11-22 12:24:06.992248,24.14
,ask,bid,time,med
T,24.15,24.13,2021-11-22 12:24:18.647557,24.14
,ask,bid,time,med
T,24.15,24.13,2021-11-22 12:24:29.559960,24.14
,ask,bid,time,med
T,24.15,24.13,2021-11-22 12:24:47.105063,24.14
,ask,bid,time,med
T,24.15,24.13,2021-11-22 12:25:00.638849,24.14
,ask,bid,time,med
T,24.15,24.13,2021-11-22 12:25:14.100953,24.14
,ask,bid,time,med
T,24.15,24.13,2021-11-22 12:25:25.087690,24.14
,ask,bid,time,med
T,24.15,24.13,2021-11-22 12:25:31.779201,24.14
,ask,bid,time,med
T,24.15,24.13,2021-11-22 12:25:44.243749,24.14
,ask,bid,time,med
T,24.15,24.13,2021-11-22 12:25:58.462810,24.14
,ask,bid,time,med
T,24.15,24.13,2021-11-22 12:26:03.459201,24.14
,ask,bid,time,med
T,24.15,24.13,2021-11-22 12:26:20.949736,24.14
,ask,bid,time,med
T,24.15,24.13,2021-11-22 12:26:23.385570,24.14
,ask,bid,time,med
T,24.15,24.13,2021-11-22 12:26:36.696326,24.14
,ask,bid,time,med
T,24.15,24.13,2021-11-22 12:26:53.713963,24.14
,ask,bid,time,med
T,24.15,24.13,2021-11-22 12:27:01.561113,24.14
,ask,bid,time,med
T,24.15,24.13,2021-11-22 12:27:13.409968,24.14
,ask,bid,time,med
T,24.15,24.13,2021-11-22 12:27:26.754413,24.14
,ask,bid,time,med
T,24.15,24.13,2021-11-22 12:27:35.841611,24.14
,ask,bid,time,med
T,24.15,24.13,2021-11-22 12:27:45.348257,24.14
,ask,bid,time,med
T,24.15,24.13,2021-11-22 12:27:58.684635,24.14
,ask,bid,time,med
T,24.15,24.13,2021-11-22 12:28:08.875085,24.14
,ask,bid,time,med
T,24.15,24.13,2021-11-22 12:28:16.764385,24.14
,ask,bid,time,med
T,24.15,24.13,2021-11-22 12:28:26.916713,24.14
,ask,bid,time,med
T,24.15,24.13,2021-11-22 12:28:43.024758,24.14
,ask,bid,time,med
T,24.15,24.13,2021-11-22 12:28:54.666912,24.14
,ask,bid,time,med
T,24.15,24.13,2021-11-22 12:29:08.978173,24.14
,ask,bid,time,med
T,24.15,24.13,2021-11-22 12:29:18.959601,24.14
,ask,bid,time,med
T,24.15,24.13,2021-11-22 12:29:23.630826,24.14
,ask,bid,time,med
T,24.15,24.13,2021-11-22 12:29:39.969909,24.14
,ask,bid,time,med
T,24.15,24.13,2021-11-22 12:29:50.583038,24.14
,ask,bid,time,med
T,24.15,24.13,2021-11-22 12:30:04.066166,24.14
,ask,bid,time,med
T,24.15,24.13,2021-11-22 12:30:18.590365,24.14
,ask,bid,time,med
T,24.15,24.13,2021-11-22 12:30:23.702730,24.14
,ask,bid,time,med
T,24.15,24.13,2021-11-22 12:30:43.603977,24.14
,ask,bid,time,med
T,24.15,24.13,2021-11-22 12:30:55.418309,24.14
,ask,bid,time,med
T,24.15,24.13,2021-11-22 12:31:07.342089,24.14
,ask,bid,time,med
T,24.15,24.13,2021-11-22 12:31:13.508392,24.14
,ask,bid,time,med
T,24.15,24.13,2021-11-22 12:31:24.123716,24.14
,ask,bid,time,med
T,24.15,24.13,2021-11-22 12:31:40.665176,24.14
,ask,bid,time,med
T,24.15,24.13,2021-11-22 12:31:49.723418,24.14
,ask,bid,time,med
T,24.15,24.13,2021-11-22 12:32:02.598008,24.14
,ask,bid,time,med
T,24.15,24.13,2021-11-22 12:32:14.018411,24.14
,ask,bid,time,med
T,24.15,24.13,2021-11-22 12:32:25.771494,24.14
,ask,bid,time,med
T,24.15,24.13,2021-11-22 12:32:38.196215,24.14
,ask,bid,time,med
T,24.15,24.13,2021-11-22 12:32:45.967821,24.14
,ask,bid,time,med
T,24.15,24.13,2021-11-22 12:33:00.308167,24.14
,ask,bid,time,med
T,24.15,24.13,2021-11-22 12:33:12.608348,24.14
,ask,bid,time,med
T,24.15,24.13,2021-11-22 12:33:18.824137,24.14
,ask,bid,time,med
T,24.15,24.13,2021-11-22 12:33:37.478717,24.14
,ask,bid,time,med
T,24.15,24.13,2021-11-22 12:33:48.615259,24.14
,ask,bid,time,med
T,24.15,24.13,2021-11-22 12:33:59.015672,24.14
,ask,bid,time,med
T,24.15,24.13,2021-11-22 12:34:09.391592,24.14
,ask,bid,time,med
T,24.15,24.13,2021-11-22 12:34:18.846917,24.14
,ask,bid,time,med
T,24.15,24.13,2021-11-22 12:34:32.914696,24.14
,ask,bid,time,med
T,24.15,24.13,2021-11-22 12:34:46.665613,24.14
,ask,bid,time,med
T,24.15,24.13,2021-11-22 12:34:57.705229,24.14
,ask,bid,time,med
T,24.15,24.13,2021-11-22 12:35:06.961899,24.14
,ask,bid,time,med
T,24.15,24.13,2021-11-22 12:35:22.110992,24.14
,ask,bid,time,med
T,24.15,24.13,2021-11-22 12:35:40.098345,24.14
,ask,bid,time,med
T,24.15,24.13,2021-11-22 12:35:52.091577,24.14
,ask,bid,time,med
T,24.15,24.13,2021-11-22 12:36:02.885086,24.14
,ask,bid,time,med
T,24.15,24.13,2021-11-22 12:36:14.040792,24.14
,ask,bid,time,med
T,24.15,24.13,2021-11-22 12:36:27.008769,24.14
,ask,bid,time,med
T,24.15,24.13,2021-11-22 12:36:39.308518,24.14
,ask,bid,time,med
T,24.15,24.13,2021-11-22 12:36:57.064423,24.14
,ask,bid,time,med
T,24.15,24.13,2021-11-22 12:37:08.273120,24.14
,ask,bid,time,med
T,24.15,24.13,2021-11-22 12:37:15.762698,24.14
,ask,bid,time,med
T,24.15,24.13,2021-11-22 12:37:35.367342,24.14
,ask,bid,time,med
T,24.15,24.13,2021-11-22 12:37:42.445480,24.14
,ask,bid,time,med
T,24.15,24.13,2021-11-22 12:38:06.612064,24.14
,ask,bid,time,med
T,24.15,24.13,2021-11-22 12:38:17.930764,24.14
,ask,bid,time,med
T,24.15,24.13,2021-11-22 12:38:38.636381,24.14
,ask,bid,time,med
T,24.15,24.13,2021-11-22 12:38:52.480876,24.14
,ask,bid,time,med
T,24.15,24.13,2021-11-22 12:39:04.961412,24.14
,ask,bid,time,med
T,24.15,24.13,2021-11-22 12:39:15.241749,24.14
,ask,bid,time,med
T,24.15,24.13,2021-11-22 12:39:22.676804,24.14
,ask,bid,time,med
T,24.15,24.13,2021-11-22 12:39:38.981510,24.14
,ask,bid,time,med
T,24.15,24.13,2021-11-22 12:39:52.001238,24.14
,ask,bid,time,med
T,24.15,24.13,2021-11-22 12:40:07.300278,24.14
,ask,bid,time,med
T,24.15,24.13,2021-11-22 12:40:14.016244,24.14
,ask,bid,time,med
T,24.15,24.13,2021-11-22 12:40:23.587578,24.14
,ask,bid,time,med
T,24.15,24.13,2021-11-22 12:40:39.703871,24.14
,ask,bid,time,med
T,24.15,24.13,2021-11-22 12:40:55.787421,24.14
,ask,bid,time,med
T,24.15,24.13,2021-11-22 12:41:04.737467,24.14
,ask,bid,time,med
T,24.15,24.13,2021-11-22 12:41:14.577931,24.14
,ask,bid,time,med
T,24.15,24.13,2021-11-22 12:41:28.869033,24.14
,ask,bid,time,med
T,24.15,24.13,2021-11-22 12:41:44.564862,24.14
,ask,bid,time,med
T,24.15,24.13,2021-11-22 12:41:52.430154,24.14
,ask,bid,time,med
T,24.15,24.13,2021-11-22 12:42:07.112954,24.14
,ask,bid,time,med
T,24.15,24.13,2021-11-22 12:42:16.492985,24.14
,ask,bid,time,med
T,24.15,24.13,2021-11-22 12:42:34.122804,24.14
,ask,bid,time,med
T,24.15,24.13,2021-11-22 12:42:40.593315,24.14
,ask,bid,time,med
T,24.15,24.13,2021-11-22 12:42:56.594378,24.14
,ask,bid,time,med
T,24.15,24.13,2021-11-22 12:43:05.654291,24.14
,ask,bid,time,med
T,24.15,24.13,2021-11-22 12:43:21.887932,24.14
,ask,bid,time,med
T,24.15,24.13,2021-11-22 12:43:34.067071,24.14
,ask,bid,time,med
T,24.15,24.13,2021-11-22 12:43:47.693536,24.14
,ask,bid,time,med
T,24.15,24.13,2021-11-22 12:43:53.743254,24.14
,ask,bid,time,med
T,24.15,24.13,2021-11-22 12:44:03.133646,24.14
,ask,bid,time,med
T,24.15,24.13,2021-11-22 12:44:34.090313,24.14
,ask,bid,time,med
T,24.15,24.13,2021-11-22 12:44:49.164379,24.14
,ask,bid,time,med
T,24.15,24.13,2021-11-22 12:44:53.313610,24.14
,ask,bid,time,med
T,24.15,24.13,2021-11-22 12:45:14.858862,24.14
,ask,bid,time,med
T,24.15,24.13,2021-11-22 12:45:25.842485,24.14
,ask,bid,time,med
T,24.15,24.13,2021-11-22 12:45:33.803119,24.14
,ask,bid,time,med
T,24.15,24.13,2021-11-22 12:45:49.559803,24.14
,ask,bid,time,med
T,24.15,24.13,2021-11-22 12:45:56.628260,24.14
,ask,bid,time,med
T,24.15,24.13,2021-11-22 12:46:08.591240,24.14
,ask,bid,time,med
T,24.15,24.13,2021-11-22 12:46:18.491179,24.14
,ask,bid,time,med
T,24.15,24.13,2021-11-22 12:46:33.885485,24.14
,ask,bid,time,med
T,24.15,24.13,2021-11-22 12:46:52.251013,24.14
,ask,bid,time,med
T,24.15,24.13,2021-11-22 12:47:07.694124,24.14
,ask,bid,time,med
T,24.15,24.13,2021-11-22 12:47:18.483197,24.14
,ask,bid,time,med
T,24.15,24.13,2021-11-22 12:47:37.611814,24.14
,ask,bid,time,med
T,24.15,24.13,2021-11-22 12:47:54.726847,24.14
,ask,bid,time,med
T,24.15,24.13,2021-11-22 12:48:05.067855,24.14
,ask,bid,time,med
T,24.15,24.13,2021-11-22 12:48:18.086677,24.14
,ask,bid,time,med
T,24.15,24.13,2021-11-22 12:48:28.794139,24.14
,ask,bid,time,med
T,24.15,24.13,2021-11-22 12:48:48.763226,24.14
,ask,bid,time,med
T,24.15,24.13,2021-11-22 12:49:03.255118,24.14
,ask,bid,time,med
T,24.15,24.13,2021-11-22 12:49:13.355881,24.14
,ask,bid,time,med
T,24.15,24.13,2021-11-22 12:49:25.701074,24.14
,ask,bid,time,med
T,24.15,24.13,2021-11-22 12:49:36.538939,24.14
,ask,bid,time,med
T,24.15,24.13,2021-11-22 12:49:44.589059,24.14
,ask,bid,time,med
T,24.15,24.13,2021-11-22 12:50:04.983508,24.14
,ask,bid,time,med
T,24.15,24.13,2021-11-22 12:50:13.767533,24.14
,ask,bid,time,med
T,24.15,24.13,2021-11-22 12:50:24.164449,24.14
,ask,bid,time,med
T,24.15,24.13,2021-11-22 12:50:40.301301,24.14
,ask,bid,time,med
T,24.15,24.13,2021-11-22 12:50:57.311168,24.14
,ask,bid,time,med
T,24.15,24.13,2021-11-22 12:51:10.087311,24.14
,ask,bid,time,med
T,24.15,24.13,2021-11-22 12:51:20.682953,24.14
,ask,bid,time,med
T,24.15,24.13,2021-11-22 12:51:32.298130,24.14
,ask,bid,time,med
T,24.15,24.13,2021-11-22 12:51:48.588623,24.14
,ask,bid,time,med
T,24.15,24.13,2021-11-22 12:52:02.520169,24.14
,ask,bid,time,med
T,24.15,24.13,2021-11-22 12:52:15.285295,24.14
,ask,bid,time,med
T,24.15,24.13,2021-11-22 12:52:33.638143,24.14
,ask,bid,time,med
T,24.15,24.13,2021-11-22 12:52:40.457526,24.14
,ask,bid,time,med
T,24.15,24.13,2021-11-22 12:52:54.082734,24.14
,ask,bid,time,med
T,24.15,24.13,2021-11-22 12:53:07.117495,24.14
,ask,bid,time,med
T,24.15,24.13,2021-11-22 12:53:23.933682,24.14
,ask,bid,time,med
T,24.15,24.13,2021-11-22 12:53:36.155655,24.14
,ask,bid,time,med
T,24.15,24.13,2021-11-22 12:53:48.650242,24.14
,ask,bid,time,med
T,24.15,24.13,2021-11-22 12:53:54.435921,24.14
,ask,bid,time,med
T,24.15,24.13,2021-11-22 12:54:16.567884,24.14
,ask,bid,time,med
T,24.15,24.13,2021-11-22 12:54:28.337106,24.14
,ask,bid,time,med
T,24.15,24.13,2021-11-22 12:54:34.382774,24.14
,ask,bid,time,med
T,24.15,24.13,2021-11-22 12:54:50.032630,24.14
,ask,bid,time,med
T,24.15,24.13,2021-11-22 12:55:08.873190,24.14
,ask,bid,time,med
T,24.15,24.13,2021-11-22 12:55:19.027620,24.14
,ask,bid,time,med
T,24.15,24.13,2021-11-22 12:55:36.000306,24.14
,ask,bid,time,med
T,24.15,24.13,2021-11-22 12:55:46.736166,24.14
,ask,bid,time,med
T,24.15,24.13,2021-11-22 12:56:02.714258,24.14
,ask,bid,time,med
T,24.15,24.13,2021-11-22 12:56:12.248718,24.14
,ask,bid,time,med
T,24.15,24.13,2021-11-22 12:56:21.447910,24.14
,ask,bid,time,med
T,24.15,24.13,2021-11-22 12:56:36.060634,24.14
,ask,bid,time,med
T,24.15,24.13,2021-11-22 12:56:50.104563,24.14
,ask,bid,time,med
T,24.15,24.13,2021-11-22 12:57:08.385940,24.14
,ask,bid,time,med
T,24.15,24.13,2021-11-22 12:57:18.845225,24.14
,ask,bid,time,med
T,24.15,24.13,2021-11-22 12:57:33.619359,24.14
,ask,bid,time,med
T,24.15,24.13,2021-11-22 12:57:46.728714,24.14
,ask,bid,time,med
T,24.15,24.13,2021-11-22 12:58:02.882215,24.14
,ask,bid,time,med
T,24.15,24.13,2021-11-22 12:58:11.643976,24.14
,ask,bid,time,med
T,24.15,24.13,2021-11-22 12:58:18.976597,24.14
,ask,bid,time,med
T,24.15,24.13,2021-11-22 12:58:39.561155,24.14
,ask,bid,time,med
T,24.15,24.13,2021-11-22 12:58:56.582,24.14
,ask,bid,time,med
T,24.15,24.13,2021-11-22 12:58:58.359664,24.14
,ask,bid,time,med
T,24.15,24.13,2021-11-22 12:59:13.376491,24.14
,ask,bid,time,med
T,24.15,24.13,2021-11-22 12:59:31.243664,24.14
,ask,bid,time,med
T,24.15,24.13,2021-11-22 12:59:40.602045,24.14
,ask,bid,time,med
T,24.15,24.13,2021-11-22 13:00:00.522868,24.14
,ask,bid,time,med
T,24.15,24.13,2021-11-22 13:00:12.566973,24.14
,ask,bid,time,med
T,24.15,24.13,2021-11-22 13:00:23.845418,24.14
,ask,bid,time,med
T,24.15,24.13,2021-11-22 13:00:41.059298,24.14
,ask,bid,time,med
T,24.15,24.13,2021-11-22 13:00:45.995975,24.14
,ask,bid,time,med
T,24.15,24.13,2021-11-22 13:01:08.294479,24.14
,ask,bid,time,med
T,24.15,24.13,2021-11-22 13:01:17.788775,24.14
,ask,bid,time,med
T,24.15,24.13,2021-11-22 13:01:41.996053,24.14
,ask,bid,time,med
T,24.15,24.13,2021-11-22 13:02:00.328706,24.14
,ask,bid,time,med
T,24.15,24.13,2021-11-22 13:02:06.365064,24.14
,ask,bid,time,med
T,24.15,24.13,2021-11-22 13:02:18.382285,24.14
,ask,bid,time,med
T,24.15,24.13,2021-11-22 13:02:37.867205,24.14
,ask,bid,time,med
T,24.15,24.13,2021-11-22 13:02:49.424312,24.14
,ask,bid,time,med
T,24.15,24.13,2021-11-22 13:03:07.247181,24.14
,ask,bid,time,med
T,24.15,24.13,2021-11-22 13:03:18.118793,24.14
,ask,bid,time,med
T,24.15,24.13,2021-11-22 13:03:35.365946,24.14
,ask,bid,time,med
T,24.15,24.13,2021-11-22 13:03:44.648837,24.14
,ask,bid,time,med
T,24.15,24.13,2021-11-22 13:04:02.921647,24.14
,ask,bid,time,med
T,24.15,24.13,2021-11-22 13:04:16.627775,24.14
,ask,bid,time,med
T,24.15,24.13,2021-11-22 13:04:28.116444,24.14
,ask,bid,time,med
T,24.15,24.13,2021-11-22 13:04:45.042004,24.14
,ask,bid,time,med
T,24.15,24.13,2021-11-22 13:04:57.424215,24.14
,ask,bid,time,med
T,24.15,24.13,2021-11-22 13:05:10.707324,24.14
,ask,bid,time,med
T,24.15,24.13,2021-11-22 13:05:29.426488,24.14
,ask,bid,time,med
T,24.15,24.13,2021-11-22 13:05:37.020978,24.14
,ask,bid,time,med
T,24.15,24.13,2021-11-22 13:05:54.956854,24.14
,ask,bid,time,med
T,24.15,24.13,2021-11-22 13:06:09.571766,24.14
,ask,bid,time,med
T,24.15,24.13,2021-11-22 13:06:14.051531,24.14
,ask,bid,time,med
T,24.15,24.13,2021-11-22 13:06:35.453580,24.14
,ask,bid,time,med
T,24.15,24.13,2021-11-22 13:06:42.789931,24.14
,ask,bid,time,med
T,24.15,24.13,2021-11-22 13:07:05.684965,24.14
,ask,bid,time,med
T,24.15,24.13,2021-11-22 13:07:10.927254,24.14
,ask,bid,time,med
T,24.15,24.13,2021-11-22 13:07:30.877343,24.14
,ask,bid,time,med
T,24.15,24.13,2021-11-22 13:07:44.585665,24.14
,ask,bid,time,med
T,24.15,24.13,2021-11-22 13:08:02.454975,24.14
,ask,bid,time,med
T,24.15,24.13,2021-11-22 13:08:08.619401,24.14
,ask,bid,time,med
T,24.15,24.13,2021-11-22 13:08:22.796290,24.14
,ask,bid,time,med
T,24.15,24.13,2021-11-22 13:08:39.660101,24.14
,ask,bid,time,med
T,24.15,24.13,2021-11-22 13:08:51.648839,24.14
,ask,bid,time,med
T,24.15,24.13,2021-11-22 13:09:08.153486,24.14
,ask,bid,time,med
T,24.15,24.13,2021-11-22 13:09:20.440632,24.14
,ask,bid,time,med
T,24.15,24.13,2021-11-22 13:09:38.114092,24.14
,ask,bid,time,med
T,24.15,24.13,2021-11-22 13:09:45.531143,24.14
,ask,bid,time,med
T,24.15,24.13,2021-11-22 13:09:59.014954,24.14
,ask,bid,time,med
T,24.15,24.13,2021-11-22 13:10:19.900953,24.14
,ask,bid,time,med
T,24.15,24.13,2021-11-22 13:10:32.512748,24.14
,ask,bid,time,med
T,24.15,24.13,2021-11-22 13:10:42.385179,24.14
,ask,bid,time,med
T,24.15,24.13,2021-11-22 13:10:56.404834,24.14
,ask,bid,time,med
T,24.15,24.13,2021-11-22 13:11:10.593640,24.14
,ask,bid,time,med
T,24.15,24.13,2021-11-22 13:11:17.115937,24.14
,ask,bid,time,med
T,24.15,24.13,2021-11-22 13:11:37.664027,24.14
,ask,bid,time,med
T,24.15,24.13,2021-11-22 13:11:48.741296,24.14
,ask,bid,time,med
T,24.15,24.13,2021-11-22 13:12:08.301258,24.14
,ask,bid,time,med
T,24.15,24.13,2021-11-22 13:12:17.884356,24.14
,ask,bid,time,med
T,24.15,24.13,2021-11-22 13:12:33.238023,24.14
,ask,bid,time,med
T,24.15,24.13,2021-11-22 13:12:49.777689,24.14
,ask,bid,time,med
T,24.15,24.13,2021-11-22 13:12:59.610723,24.14
,ask,bid,time,med
T,24.15,24.13,2021-11-22 13:13:15.350090,24.14
,ask,bid,time,med
T,24.15,24.13,2021-11-22 13:13:23.931676,24.14
,ask,bid,time,med
T,24.15,24.13,2021-11-22 13:13:48.045676,24.14
,ask,bid,time,med
T,24.15,24.13,2021-11-22 13:13:58.010834,24.14
,ask,bid,time,med
T,24.15,24.13,2021-11-22 13:14:04.791911,24.14
,ask,bid,time,med
T,24.15,24.13,2021-11-22 13:14:17.790310,24.14
,ask,bid,time,med
T,24.15,24.13,2021-11-22 13:14:41.920415,24.14
,ask,bid,time,med
T,24.15,24.13,2021-11-22 13:14:59.579063,24.14
,ask,bid,time,med
T,24.15,24.13,2021-11-22 13:15:19.961755,24.14
,ask,bid,time,med
T,24.15,24.13,2021-11-22 13:15:33.490433,24.14
,ask,bid,time,med
T,24.15,24.13,2021-11-22 13:15:42.284052,24.14
,ask,bid,time,med
T,24.15,24.13,2021-11-22 13:16:04.130482,24.14
,ask,bid,time,med
T,24.15,24.13,2021-11-22 13:16:14.001517,24.14
,ask,bid,time,med
T,24.15,24.13,2021-11-22 13:16:44.579348,24.14
,ask,bid,time,med
T,24.15,24.13,2021-11-22 13:16:53.198954,24.14
,ask,bid,time,med
T,24.15,24.13,2021-11-22 13:17:09.257175,24.14
,ask,bid,time,med
T,24.15,24.13,2021-11-22 13:17:19.292546,24.14
,ask,bid,time,med
T,24.15,24.13,2021-11-22 13:17:33.610594,24.14
,ask,bid,time,med
T,24.15,24.13,2021-11-22 13:17:51.403174,24.14
,ask,bid,time,med
T,24.15,24.13,2021-11-22 13:18:00.699554,24.14
,ask,bid,time,med
T,24.15,24.13,2021-11-22 13:18:11.811674,24.14
,ask,bid,time,med
T,24.15,24.13,2021-11-22 13:18:35.883388,24.14
,ask,bid,time,med
T,24.15,24.13,2021-11-22 13:18:41.201469,24.14
,ask,bid,time,med
T,24.15,24.13,2021-11-22 13:19:00.705445,24.14
,ask,bid,time,med
T,24.15,24.13,2021-11-22 13:19:10.396770,24.14
,ask,bid,time,med
T,24.15,24.13,2021-11-22 13:19:31.458104,24.14
,ask,bid,time,med
T,24.15,24.13,2021-11-22 13:19:45.619911,24.14
,ask,bid,time,med
T,24.15,24.13,2021-11-22 13:20:01.753662,24.14
,ask,bid,time,med
T,24.15,24.13,2021-11-22 13:20:15.528064,24.14
,ask,bid,time,med
T,24.15,24.13,2021-11-22 13:20:31.214102,24.14
,ask,bid,time,med
T,24.15,24.13,2021-11-22 13:20:43.247810,24.14
,ask,bid,time,med
T,24.15,24.13,2021-11-22 13:20:48.773810,24.14
,ask,bid,time,med
T,24.15,24.13,2021-11-22 13:21:11.641658,24.14
,ask,bid,time,med
T,24.15,24.13,2021-11-22 13:21:27.577318,24.14
,ask,bid,time,med
T,24.15,24.13,2021-11-22 13:21:41.247096,24.14
,ask,bid,time,med
T,24.15,24.13,2021-11-22 13:21:54.845298,24.14
,ask,bid,time,med
T,24.15,24.13,2021-11-22 13:22:20.678771,24.14
,ask,bid,time,med
T,24.15,24.13,2021-11-22 13:22:46.885226,24.14
,ask,bid,time,med
T,24.15,24.13,2021-11-22 13:22:57.589348,24.14
,ask,bid,time,med
T,24.15,24.13,2021-11-22 13:23:06.525789,24.14
,ask,bid,time,med
T,24.15,24.13,2021-11-22 13:23:27.275232,24.14
,ask,bid,time,med
T,24.15,24.13,2021-11-22 13:23:43.782188,24.14
,ask,bid,time,med
T,24.15,24.13,2021-11-22 13:23:51.663775,24.14
,ask,bid,time,med
T,24.15,24.13,2021-11-22 13:24:12.806287,24.14
,ask,bid,time,med
T,24.15,24.13,2021-11-22 13:24:27.767478,24.14
,ask,bid,time,med
T,24.15,24.13,2021-11-22 13:24:45.045905,24.14
,ask,bid,time,med
T,24.15,24.13,2021-11-22 13:25:10.633980,24.14
,ask,bid,time,med
T,24.15,24.13,2021-11-22 13:25:20.546237,24.14
,ask,bid,time,med
T,24.15,24.13,2021-11-22 13:25:41.178449,24.14
,ask,bid,time,med
T,24.15,24.13,2021-11-22 13:25:55.308350,24.14
,ask,bid,time,med
T,24.15,24.13,2021-11-22 13:26:03.985114,24.14
,ask,bid,time,med
T,24.15,24.13,2021-11-22 13:26:26.285102,24.14
,ask,bid,time,med
T,24.15,24.13,2021-11-22 13:26:37.675320,24.14
,ask,bid,time,med
T,24.15,24.13,2021-11-22 13:26:56.707830,24.14
,ask,bid,time,med
T,24.15,24.13,2021-11-22 13:27:08.416834,24.14
,ask,bid,time,med
T,24.15,24.13,2021-11-22 13:27:27.516999,24.14
,ask,bid,time,med
T,24.15,24.13,2021-11-22 13:27:39.373977,24.14
,ask,bid,time,med
T,24.15,24.13,2021-11-22 13:27:53.654676,24.14
,ask,bid,time,med
T,24.15,24.13,2021-11-22 13:28:02.303841,24.14
,ask,bid,time,med
T,24.15,24.13,2021-11-22 13:28:20.996079,24.14
,ask,bid,time,med
T,24.15,24.13,2021-11-22 13:28:41.801177,24.14
,ask,bid,time,med
T,24.15,24.13,2021-11-22 13:28:46.162511,24.14
,ask,bid,time,med
T,24.15,24.13,2021-11-22 13:29:06.393875,24.14
,ask,bid,time,med
T,24.15,24.13,2021-11-22 13:29:20.341884,24.14
,ask,bid,time,med
T,24.15,24.13,2021-11-22 13:29:31.726279,24.14
,ask,bid,time,med
T,24.15,24.13,2021-11-22 13:29:48.257827,24.14
,ask,bid,time,med
T,24.15,24.13,2021-11-22 13:30:01.705260,24.14
,ask,bid,time,med
T,24.15,24.13,2021-11-22 13:30:23.257013,24.14
,ask,bid,time,med
T,24.15,24.13,2021-11-22 13:30:40.446486,24.14
,ask,bid,time,med
T,24.15,24.13,2021-11-22 13:30:50.796780,24.14
,ask,bid,time,med
T,24.15,24.13,2021-11-22 13:31:07.925367,24.14
,ask,bid,time,med
T,24.15,24.13,2021-11-22 13:31:23.809630,24.14
,ask,bid,time,med
T,24.15,24.13,2021-11-22 13:31:37.195905,24.14
,ask,bid,time,med
T,24.15,24.13,2021-11-22 13:31:47.629220,24.14
,ask,bid,time,med
T,24.15,24.13,2021-11-22 13:31:58.088390,24.14
,ask,bid,time,med
T,24.15,24.13,2021-11-22 13:32:24.328031,24.14
,ask,bid,time,med
T,24.15,24.13,2021-11-22 13:32:28.047050,24.14
,ask,bid,time,med
T,24.15,24.13,2021-11-22 13:32:43.474976,24.14
,ask,bid,time,med
T,24.15,24.13,2021-11-22 13:33:06.910233,24.14
,ask,bid,time,med
T,24.15,24.13,2021-11-22 13:33:15.751227,24.14
,ask,bid,time,med
T,24.15,24.13,2021-11-22 13:33:36.387436,24.14
,ask,bid,time,med
T,24.15,24.13,2021-11-22 13:33:51.850539,24.14
,ask,bid,time,med
T,24.15,24.13,2021-11-22 13:34:04.051373,24.14
,ask,bid,time,med
T,24.15,24.13,2021-11-22 13:34:23.129146,24.14
,ask,bid,time,med
T,24.15,24.13,2021-11-22 13:34:29.009884,24.14
,ask,bid,time,med
T,24.15,24.13,2021-11-22 13:34:42.359667,24.14
,ask,bid,time,med
T,24.15,24.13,2021-11-22 13:35:04.181758,24.14
,ask,bid,time,med
T,24.15,24.13,2021-11-22 13:35:12.558567,24.14
,ask,bid,time,med
T,24.15,24.13,2021-11-22 13:35:35.576879,24.14
,ask,bid,time,med
T,24.15,24.13,2021-11-22 13:35:47.045869,24.14
,ask,bid,time,med
T,24.15,24.13,2021-11-22 13:36:03.926819,24.14
,ask,bid,time,med
T,24.15,24.13,2021-11-22 13:36:21.230441,24.14
,ask,bid,time,med
T,24.15,24.13,2021-11-22 13:36:35.602432,24.14
,ask,bid,time,med
T,24.15,24.13,2021-11-22 13:36:52.478204,24.14
,ask,bid,time,med
T,24.15,24.13,2021-11-22 13:36:57.871460,24.14
,ask,bid,time,med
T,24.15,24.13,2021-11-22 13:37:18.586383,24.14
,ask,bid,time,med
T,24.15,24.13,2021-11-22 13:37:34.565413,24.14
,ask,bid,time,med
T,24.15,24.13,2021-11-22 13:37:45.502113,24.14
,ask,bid,time,med
T,24.15,24.13,2021-11-22 13:38:10.487444,24.14
,ask,bid,time,med
T,24.15,24.13,2021-11-22 13:38:12.561469,24.14
,ask,bid,time,med
T,24.15,24.13,2021-11-22 13:38:39.596474,24.14
,ask,bid,time,med
T,24.15,24.13,2021-11-22 13:38:51.269202,24.14
,ask,bid,time,med
T,24.15,24.13,2021-11-22 13:39:10.115012,24.14
,ask,bid,time,med
T,24.15,24.13,2021-11-22 13:39:24.850090,24.14
,ask,bid,time,med
T,24.15,24.13,2021-11-22 13:39:30.113112,24.14
,ask,bid,time,med
T,24.15,24.13,2021-11-22 13:39:50.362124,24.14
,ask,bid,time,med
T,24.15,24.13,2021-11-22 13:40:10.641223,24.14
,ask,bid,time,med
T,24.15,24.13,2021-11-22 13:40:24.497835,24.14
,ask,bid,time,med
T,24.15,24.13,2021-11-22 13:40:37.050108,24.14
,ask,bid,time,med
T,24.15,24.13,2021-11-22 13:40:56.364287,24.14
,ask,bid,time,med
T,24.15,24.13,2021-11-22 13:41:06.339197,24.14
,ask,bid,time,med
T,24.15,24.13,2021-11-22 13:41:23.914923,24.14
,ask,bid,time,med
T,24.15,24.13,2021-11-22 13:41:40.449785,24.14
,ask,bid,time,med
T,24.15,24.13,2021-11-22 13:41:53.245897,24.14
,ask,bid,time,med
T,24.15,24.13,2021-11-22 13:42:12.837705,24.14
,ask,bid,time,med
T,24.15,24.13,2021-11-22 13:42:19.279723,24.14
,ask,bid,time,med
T,24.15,24.13,2021-11-22 13:42:44.753339,24.14
,ask,bid,time,med
T,24.15,24.13,2021-11-22 13:42:53.877872,24.14
,ask,bid,time,med
T,24.15,24.13,2021-11-22 13:43:10.650874,24.14
,ask,bid,time,med
T,24.15,24.13,2021-11-22 13:43:27.297570,24.14
,ask,bid,time,med
T,24.15,24.13,2021-11-22 13:43:43.244631,24.14
,ask,bid,time,med
T,24.15,24.13,2021-11-22 13:43:57.498664,24.14
,ask,bid,time,med
T,24.15,24.13,2021-11-22 13:44:18.302895,24.14
,ask,bid,time,med
T,24.15,24.13,2021-11-22 13:44:21.972875,24.14
,ask,bid,time,med
T,24.15,24.13,2021-11-22 13:44:48.797938,24.14
,ask,bid,time,med
T,24.15,24.13,2021-11-22 13:45:02.734945,24.14
,ask,bid,time,med
T,24.15,24.13,2021-11-22 13:45:14.482252,24.14
,ask,bid,time,med
T,24.15,24.13,2021-11-22 13:45:36.940194,24.14
,ask,bid,time,med
T,24.15,24.13,2021-11-22 13:45:41.918356,24.14
,ask,bid,time,med
T,24.15,24.13,2021-11-22 13:46:07.842893,24.14
,ask,bid,time,med
T,24.15,24.13,2021-11-22 13:46:14.560575,24.14
,ask,bid,time,med
T,24.15,24.13,2021-11-22 13:46:37.776091,24.14
,ask,bid,time,med
T,24.15,24.13,2021-11-22 13:46:49.018664,24.14
,ask,bid,time,med
T,24.15,24.13,2021-11-22 13:47:21.974555,24.14
,ask,bid,time,med
T,24.15,24.13,2021-11-22 13:47:39.096115,24.14
,ask,bid,time,med
T,24.15,24.13,2021-11-22 13:47:48.544647,24.14
,ask,bid,time,med
T,24.15,24.13,2021-11-22 13:48:03.352099,24.14
,ask,bid,time,med
T,24.15,24.13,2021-11-22 13:48:29.596781,24.14
,ask,bid,time,med
T,24.15,24.13,2021-11-22 13:48:42.356260,24.14
,ask,bid,time,med
T,24.15,24.13,2021-11-22 13:49:04.317996,24.14
,ask,bid,time,med
T,24.15,24.13,2021-11-22 13:49:09.206213,24.14
,ask,bid,time,med
T,24.15,24.13,2021-11-22 13:49:35.114323,24.14
,ask,bid,time,med
T,24.15,24.13,2021-11-22 13:49:43.083563,24.14
,ask,bid,time,med
T,24.15,24.13,2021-11-22 13:49:54.611701,24.14
,ask,bid,time,med
T,24.15,24.13,2021-11-22 13:50:14.534309,24.14
,ask,bid,time,med
T,24.15,24.13,2021-11-22 13:50:33.749871,24.14
,ask,bid,time,med
T,24.15,24.13,2021-11-22 13:50:43.340831,24.14
,ask,bid,time,med
T,24.15,24.13,2021-11-22 13:50:57.315270,24.14
,ask,bid,time,med
T,24.15,24.13,2021-11-22 13:51:14.414823,24.14
,ask,bid,time,med
T,24.15,24.13,2021-11-22 13:51:40.415260,24.14
,ask,bid,time,med
T,24.15,24.13,2021-11-22 13:51:53.438533,24.14
,ask,bid,time,med
T,24.15,24.13,2021-11-22 13:52:12.335494,24.14
,ask,bid,time,med
T,24.15,24.13,2021-11-22 13:52:21.526958,24.14
,ask,bid,time,med
T,24.15,24.13,2021-11-22 13:52:40.339405,24.14
,ask,bid,time,med
T,24.15,24.13,2021-11-22 13:52:58.972799,24.14
,ask,bid,time,med
T,24.15,24.13,2021-11-22 13:53:15.229034,24.14
,ask,bid,time,med
T,24.15,24.13,2021-11-22 13:53:18.580422,24.14
,ask,bid,time,med
T,24.15,24.13,2021-11-22 13:53:41.633966,24.14
,ask,bid,time,med
T,24.15,24.13,2021-11-22 13:54:02.661813,24.14
,ask,bid,time,med
T,24.15,24.13,2021-11-22 13:54:18.473160,24.14
,ask,bid,time,med
T,24.15,24.13,2021-11-22 13:54:28.762937,24.14
,ask,bid,time,med
T,24.15,24.13,2021-11-22 13:54:46.473415,24.14
,ask,bid,time,med
T,24.15,24.13,2021-11-22 13:55:07.053534,24.14
,ask,bid,time,med
T,24.15,24.13,2021-11-22 13:55:18.670920,24.14
,ask,bid,time,med
T,24.15,24.13,2021-11-22 13:55:25.626271,24.14
,ask,bid,time,med
T,24.15,24.13,2021-11-22 13:55:52.797673,24.14
,ask,bid,time,med
T,24.15,24.13,2021-11-22 13:56:05.985258,24.14
,ask,bid,time,med
T,24.15,24.13,2021-11-22 13:56:26.307404,24.14
,ask,bid,time,med
T,24.15,24.13,2021-11-22 13:56:37.576044,24.14
,ask,bid,time,med
T,24.15,24.13,2021-11-22 13:56:59.836042,24.14
,ask,bid,time,med
T,24.15,24.13,2021-11-22 13:57:02.364441,24.14
,ask,bid,time,med
T,24.15,24.13,2021-11-22 13:57:27.278092,24.14
,ask,bid,time,med
T,24.15,24.13,2021-11-22 13:57:47.943465,24.14
,ask,bid,time,med
T,24.15,24.13,2021-11-22 13:58:01.876360,24.14
,ask,bid,time,med
T,24.15,24.13,2021-11-22 13:58:14.001244,24.14
,ask,bid,time,med
T,24.15,24.13,2021-11-22 13:58:29.187312,24.14
,ask,bid,time,med
T,24.15,24.13,2021-11-22 13:58:50.908098,24.14
,ask,bid,time,med
T,24.15,24.13,2021-11-22 13:59:06.537405,24.14
,ask,bid,time,med
T,24.15,24.13,2021-11-22 13:59:19.003567,24.14
,ask,bid,time,med
T,24.15,24.13,2021-11-22 13:59:34.493623,24.14
,ask,bid,time,med
T,24.15,24.13,2021-11-22 13:59:53.512499,24.14
,ask,bid,time,med
T,24.15,24.13,2021-11-22 14:00:08.287329,24.14
,ask,bid,time,med
T,24.15,24.13,2021-11-22 14:00:28.077035,24.14
,ask,bid,time,med
T,24.15,24.13,2021-11-22 14:00:37.016754,24.14
,ask,bid,time,med
T,24.15,24.13,2021-11-22 14:00:56.651436,24.14
,ask,bid,time,med
T,24.15,24.13,2021-11-22 14:01:13.251851,24.14
,ask,bid,time,med
T,24.15,24.13,2021-11-22 14:01:26.852674,24.14
,ask,bid,time,med
T,24.15,24.13,2021-11-22 14:01:48.704987,24.14
,ask,bid,time,med
T,24.15,24.13,2021-11-22 14:02:06.478608,24.14
,ask,bid,time,med
T,24.15,24.13,2021-11-22 14:02:17.882970,24.14
,ask,bid,time,med
T,24.15,24.13,2021-11-22 14:02:37.615615,24.14
,ask,bid,time,med
T,24.15,24.13,2021-11-22 14:02:52.024847,24.14
,ask,bid,time,med
T,24.15,24.13,2021-11-22 14:03:08.563665,24.14
,ask,bid,time,med
T,24.15,24.13,2021-11-22 14:03:16.258454,24.14
,ask,bid,time,med
T,24.15,24.13,2021-11-22 14:03:40.652919,24.14
,ask,bid,time,med
T,24.15,24.13,2021-11-22 14:03:59.634908,24.14
,ask,bid,time,med
T,24.15,24.13,2021-11-22 14:04:13.481069,24.14
,ask,bid,time,med
T,24.15,24.13,2021-11-22 14:04:31.800621,24.14
,ask,bid,time,med
T,24.15,24.13,2021-11-22 14:04:48.670484,24.14
,ask,bid,time,med
T,24.15,24.13,2021-11-22 14:05:07.574587,24.14
,ask,bid,time,med
T,24.15,24.13,2021-11-22 14:05:24.774276,24.14
,ask,bid,time,med
T,24.15,24.13,2021-11-22 14:05:48.647125,24.14
,ask,bid,time,med
T,24.15,24.13,2021-11-22 14:05:54.245925,24.14
,ask,bid,time,med
T,24.15,24.13,2021-11-22 14:06:21.262789,24.14
,ask,bid,time,med
T,24.15,24.13,2021-11-22 14:06:33.938062,24.14
,ask,bid,time,med
T,24.15,24.13,2021-11-22 14:07:10.123426,24.14
,ask,bid,time,med
T,24.15,24.13,2021-11-22 14:07:34.302248,24.14
,ask,bid,time,med
T,24.15,24.13,2021-11-22 14:07:40.405265,24.14
,ask,bid,time,med
T,24.15,24.13,2021-11-22 14:08:09.156474,24.14
,ask,bid,time,med
T,24.15,24.13,2021-11-22 14:08:40.527177,24.14
,ask,bid,time,med
T,24.15,24.13,2021-11-22 14:08:53.216242,24.14
,ask,bid,time,med
T,24.15,24.13,2021-11-22 14:09:13.988837,24.14
,ask,bid,time,med
T,24.15,24.13,2021-11-22 14:09:27.784750,24.14
,ask,bid,time,med
T,24.15,24.13,2021-11-22 14:09:52.285562,24.14
,ask,bid,time,med
T,24.15,24.13,2021-11-22 14:10:04.108527,24.14
,ask,bid,time,med
T,24.15,24.13,2021-11-22 14:10:26.294776,24.14
,ask,bid,time,med
T,24.15,24.13,2021-11-22 14:10:40.670563,24.14
,ask,bid,time,med
T,24.15,24.13,2021-11-22 14:10:52.642934,24.14
,ask,bid,time,med
T,24.15,24.13,2021-11-22 14:11:09.967868,24.14
,ask,bid,time,med
T,24.15,24.13,2021-11-22 14:11:27.567260,24.14
,ask,bid,time,med
T,24.15,24.13,2021-11-22 14:11:44.634865,24.14
,ask,bid,time,med
T,24.15,24.13,2021-11-22 14:11:59.961238,24.14
,ask,bid,time,med
T,24.15,24.13,2021-11-22 14:12:19.000742,24.14
,ask,bid,time,med
T,24.15,24.13,2021-11-22 14:12:32.247384,24.14
,ask,bid,time,med
T,24.15,24.13,2021-11-22 14:12:51.239638,24.14
,ask,bid,time,med
T,24.15,24.13,2021-11-22 14:13:06.112869,24.14
,ask,bid,time,med
T,24.15,24.13,2021-11-22 14:13:16.589521,24.14
,ask,bid,time,med
T,24.15,24.13,2021-11-22 14:13:32.311216,24.14
,ask,bid,time,med
T,24.15,24.13,2021-11-22 14:13:57.028165,24.14
,ask,bid,time,med
T,24.15,24.13,2021-11-22 14:14:05.454980,24.14
,ask,bid,time,med
T,24.15,24.13,2021-11-22 14:14:33.410884,24.14
,ask,bid,time,med
T,24.15,24.13,2021-11-22 14:14:45.791091,24.14
,ask,bid,time,med
T,24.15,24.13,2021-11-22 14:15:06.000058,24.14
,ask,bid,time,med
T,24.15,24.13,2021-11-22 14:15:17.767087,24.14
,ask,bid,time,med
T,24.15,24.13,2021-11-22 14:15:35.925226,24.14
,ask,bid,time,med
T,24.15,24.13,2021-11-22 14:15:51.114544,24.14
,ask,bid,time,med
T,24.15,24.13,2021-11-22 14:16:14.776799,24.14
,ask,bid,time,med
T,24.15,24.13,2021-11-22 14:16:31.959766,24.14
,ask,bid,time,med
T,24.15,24.13,2021-11-22 14:16:49.225845,24.14
,ask,bid,time,med
T,24.15,24.13,2021-11-22 14:17:00.776598,24.14
,ask,bid,time,med
T,24.15,24.13,2021-11-22 14:17:10.181533,24.14
,ask,bid,time,med
T,24.15,24.13,2021-11-22 14:17:26.019727,24.14
,ask,bid,time,med
T,24.15,24.13,2021-11-22 14:18:19.233973,24.14
,ask,bid,time,med
T,24.15,24.13,2021-11-22 14:18:37.098595,24.14
,ask,bid,time,med
T,24.15,24.13,2021-11-22 14:18:53.346653,24.14
,ask,bid,time,med
T,24.15,24.13,2021-11-22 14:19:11.572118,24.14
,ask,bid,time,med
T,24.15,24.13,2021-11-22 14:19:28.957095,24.14
,ask,bid,time,med
T,24.15,24.13,2021-11-22 14:19:38.248978,24.14
,ask,bid,time,med
T,24.15,24.13,2021-11-22 14:19:54.709643,24.14
,ask,bid,time,med
T,24.15,24.13,2021-11-22 14:20:15.875580,24.14
,ask,bid,time,med
T,24.15,24.13,2021-11-22 14:20:34.722104,24.14
,ask,bid,time,med
T,24.15,24.13,2021-11-22 14:20:45.164879,24.14
,ask,bid,time,med
T,24.15,24.13,2021-11-22 14:21:10.547063,24.14
,ask,bid,time,med
T,24.15,24.13,2021-11-22 14:21:24.453538,24.14
,ask,bid,time,med
T,24.15,24.13,2021-11-22 14:21:41.510172,24.14
,ask,bid,time,med
T,24.15,24.13,2021-11-22 14:21:59.086242,24.14
,ask,bid,time,med
T,24.15,24.13,2021-11-22 14:22:07.990130,24.14
,ask,bid,time,med
T,24.15,24.13,2021-11-22 14:22:30.732682,24.14
,ask,bid,time,med
T,24.15,24.13,2021-11-22 14:22:55.100908,24.14
,ask,bid,time,med
T,24.15,24.13,2021-11-22 14:23:11.657704,24.14
,ask,bid,time,med
T,24.15,24.13,2021-11-22 14:23:21.775300,24.14
,ask,bid,time,med
T,24.15,24.13,2021-11-22 14:23:38.133886,24.14
,ask,bid,time,med
T,24.15,24.13,2021-11-22 14:23:54.413257,24.14
,ask,bid,time,med
T,24.15,24.13,2021-11-22 14:24:14.286163,24.14
,ask,bid,time,med
T,24.15,24.13,2021-11-22 14:24:23.778459,24.14
,ask,bid,time,med
T,24.15,24.13,2021-11-22 14:24:48.964937,24.14
,ask,bid,time,med
T,24.15,24.13,2021-11-22 14:25:11.985688,24.14
,ask,bid,time,med
T,24.15,24.13,2021-11-22 14:25:17.831392,24.14
,ask,bid,time,med
T,24.15,24.13,2021-11-22 14:25:43.148659,24.14
,ask,bid,time,med
T,24.15,24.13,2021-11-22 14:25:58.370189,24.14
,ask,bid,time,med
T,24.15,24.13,2021-11-22 14:26:08.853203,24.14
,ask,bid,time,med
T,24.15,24.13,2021-11-22 14:26:29.988937,24.14
,ask,bid,time,med
T,24.15,24.13,2021-11-22 14:26:53.764331,24.14
,ask,bid,time,med
T,24.15,24.13,2021-11-22 14:27:11.468966,24.14
,ask,bid,time,med
T,24.15,24.13,2021-11-22 14:27:24.680986,24.14
,ask,bid,time,med
T,24.15,24.13,2021-11-22 14:27:41.721797,24.14
,ask,bid,time,med
T,24.15,24.13,2021-11-22 14:28:04.669913,24.14
,ask,bid,time,med
T,24.15,24.13,2021-11-22 14:28:08.795622,24.14
,ask,bid,time,med
T,24.15,24.13,2021-11-22 14:28:40.192937,24.14
,ask,bid,time,med
T,24.15,24.13,2021-11-22 14:28:47.482894,24.14
,ask,bid,time,med
T,24.15,24.13,2021-11-22 14:29:04.468314,24.14
,ask,bid,time,med
T,24.15,24.13,2021-11-22 14:29:21.744228,24.14
,ask,bid,time,med
T,24.15,24.13,2021-11-22 14:29:36.519732,24.14
,ask,bid,time,med
T,24.15,24.13,2021-11-22 14:29:50.375841,24.14
,ask,bid,time,med
T,24.15,24.13,2021-11-22 14:30:12.365555,24.14
,ask,bid,time,med
T,24.15,24.13,2021-11-22 14:30:33.982738,24.14
,ask,bid,time,med
T,24.15,24.13,2021-11-22 14:30:43.017629,24.14
,ask,bid,time,med
T,24.15,24.13,2021-11-22 14:31:08.780842,24.14
,ask,bid,time,med
T,24.15,24.13,2021-11-22 14:31:28.307297,24.14
,ask,bid,time,med
T,24.15,24.13,2021-11-22 14:31:40.455844,24.14
,ask,bid,time,med
T,24.15,24.13,2021-11-22 14:32:04.173288,24.14
,ask,bid,time,med
T,24.15,24.13,2021-11-22 14:32:18.782263,24.14
,ask,bid,time,med
T,24.15,24.13,2021-11-22 14:32:36.131588,24.14
,ask,bid,time,med
T,24.15,24.13,2021-11-22 14:32:53.499991,24.14
,ask,bid,time,med
T,24.15,24.13,2021-11-22 14:33:10.211926,24.14
,ask,bid,time,med
T,24.15,24.13,2021-11-22 14:33:28.636339,24.14
,ask,bid,time,med
T,24.15,24.13,2021-11-22 14:33:46.478613,24.14
,ask,bid,time,med
T,24.15,24.13,2021-11-22 14:33:56.939591,24.14
,ask,bid,time,med
T,24.15,24.13,2021-11-22 14:34:18.481448,24.14
,ask,bid,time,med
T,24.15,24.13,2021-11-22 14:34:40.086655,24.14
,ask,bid,time,med
T,24.15,24.13,2021-11-22 14:34:53.027635,24.14
,ask,bid,time,med
T,24.15,24.13,2021-11-22 14:35:08.233014,24.14
,ask,bid,time,med
T,24.15,24.13,2021-11-22 14:35:36.109871,24.14
,ask,bid,time,med
T,24.15,24.13,2021-11-22 14:35:51.562280,24.14
,ask,bid,time,med
T,24.15,24.13,2021-11-22 14:36:12.123472,24.14
,ask,bid,time,med
T,24.15,24.13,2021-11-22 14:36:27.864586,24.14
,ask,bid,time,med
T,24.15,24.13,2021-11-22 14:36:36.521029,24.14
,ask,bid,time,med
T,24.15,24.13,2021-11-22 14:36:52.960447,24.14
,ask,bid,time,med
T,24.15,24.13,2021-11-22 14:37:20.046259,24.14
,ask,bid,time,med
T,24.15,24.13,2021-11-22 14:37:29.071397,24.14
,ask,bid,time,med
T,24.15,24.13,2021-11-22 14:37:51.635522,24.14
,ask,bid,time,med
T,24.15,24.13,2021-11-22 14:38:11.421990,24.14
,ask,bid,time,med
T,24.15,24.13,2021-11-22 14:38:33.183212,24.14
,ask,bid,time,med
T,24.15,24.13,2021-11-22 14:38:50.615062,24.14
,ask,bid,time,med
T,24.15,24.13,2021-11-22 14:39:02.706971,24.14
,ask,bid,time,med
T,24.15,24.13,2021-11-22 14:39:25.760711,24.14
,ask,bid,time,med
T,24.15,24.13,2021-11-22 14:39:36.516502,24.14
,ask,bid,time,med
T,24.15,24.13,2021-11-22 14:39:58.521154,24.14
,ask,bid,time,med
T,24.15,24.13,2021-11-22 14:40:12.449805,24.14
,ask,bid,time,med
T,24.15,24.13,2021-11-22 14:40:32.213797,24.14
,ask,bid,time,med
T,24.15,24.13,2021-11-22 14:40:52.873975,24.14
,ask,bid,time,med
T,24.15,24.13,2021-11-22 14:41:05.347597,24.14
,ask,bid,time,med
T,24.15,24.13,2021-11-22 14:41:26.257412,24.14
,ask,bid,time,med
T,24.15,24.13,2021-11-22 14:41:36.360394,24.14
,ask,bid,time,med
T,24.15,24.13,2021-11-22 14:42:04.042614,24.14
,ask,bid,time,med
T,24.15,24.13,2021-11-22 14:42:18.332539,24.14
,ask,bid,time,med
T,24.15,24.13,2021-11-22 14:42:36.855139,24.14
,ask,bid,time,med
T,24.15,24.13,2021-11-22 14:42:49.190531,24.14
,ask,bid,time,med
T,24.15,24.13,2021-11-22 14:43:10.330869,24.14
,ask,bid,time,med
T,24.15,24.13,2021-11-22 14:43:26.137307,24.14
,ask,bid,time,med
T,24.15,24.13,2021-11-22 14:43:53.710989,24.14
,ask,bid,time,med
T,24.15,24.13,2021-11-22 14:44:10.131738,24.14
,ask,bid,time,med
T,24.15,24.13,2021-11-22 14:44:17.097460,24.14
,ask,bid,time,med
T,24.15,24.13,2021-11-22 14:44:36.243166,24.14
,ask,bid,time,med
T,24.15,24.13,2021-11-22 14:44:58.219169,24.14
,ask,bid,time,med
T,24.15,24.13,2021-11-22 14:45:21.918498,24.14
,ask,bid,time,med
T,24.15,24.13,2021-11-22 14:45:31.434263,24.14
,ask,bid,time,med
T,24.15,24.13,2021-11-22 14:45:58.780406,24.14
,ask,bid,time,med
T,24.15,24.13,2021-11-22 14:46:16.855523,24.14
,ask,bid,time,med
T,24.15,24.13,2021-11-22 14:46:29.135192,24.14
,ask,bid,time,med
T,24.15,24.13,2021-11-22 14:46:46.063220,24.14
,ask,bid,time,med
T,24.15,24.13,2021-11-22 14:46:55.493491,24.14
,ask,bid,time,med
T,24.15,24.13,2021-11-22 14:47:24.017486,24.14
,ask,bid,time,med
T,24.15,24.13,2021-11-22 14:47:52.685907,24.14
,ask,bid,time,med
T,24.15,24.13,2021-11-22 14:48:02.917726,24.14
,ask,bid,time,med
T,24.15,24.13,2021-11-22 14:48:27.658719,24.14
,ask,bid,time,med
T,24.15,24.13,2021-11-22 14:48:50.199213,24.14
,ask,bid,time,med
T,24.15,24.13,2021-11-22 14:49:03.543186,24.14
,ask,bid,time,med
T,24.15,24.13,2021-11-22 14:49:29.025696,24.14
,ask,bid,time,med
T,24.15,24.13,2021-11-22 14:49:42.848780,24.14
,ask,bid,time,med
T,24.15,24.13,2021-11-22 14:50:07.110060,24.14
,ask,bid,time,med
T,24.15,24.13,2021-11-22 14:50:25.814926,24.14
,ask,bid,time,med
T,24.15,24.13,2021-11-22 14:50:37.368877,24.14
,ask,bid,time,med
T,24.15,24.13,2021-11-22 14:50:46.737940,24.14
,ask,bid,time,med
T,24.15,24.13,2021-11-22 14:51:08.905242,24.14
,ask,bid,time,med
T,24.15,24.13,2021-11-22 14:51:26.998105,24.14
,ask,bid,time,med
T,24.15,24.13,2021-11-22 14:51:48.905817,24.14
,ask,bid,time,med
T,24.15,24.13,2021-11-22 14:52:07.287936,24.14
,ask,bid,time,med
T,24.15,24.13,2021-11-22 14:52:30.740565,24.14
,ask,bid,time,med
T,24.15,24.13,2021-11-22 14:52:43.655193,24.14
,ask,bid,time,med
T,24.15,24.13,2021-11-22 14:53:07.994382,24.14
,ask,bid,time,med
T,24.15,24.13,2021-11-22 14:53:26.872274,24.14
,ask,bid,time,med
T,24.15,24.13,2021-11-22 14:53:37.502835,24.14
,ask,bid,time,med
T,24.15,24.13,2021-11-22 14:53:46.793231,24.14
,ask,bid,time,med
T,24.15,24.13,2021-11-22 14:54:13.540183,24.14
,ask,bid,time,med
T,24.15,24.13,2021-11-22 14:55:02.788557,24.14
,ask,bid,time,med
T,24.15,24.13,2021-11-22 14:55:19.411954,24.14
,ask,bid,time,med
T,24.15,24.13,2021-11-22 14:55:36.089411,24.14
,ask,bid,time,med
T,24.15,24.13,2021-11-22 14:55:55.503379,24.14
,ask,bid,time,med
T,24.15,24.13,2021-11-22 14:56:04.745845,24.14
,ask,bid,time,med
T,24.15,24.13,2021-11-22 14:56:18.296074,24.14
,ask,bid,time,med
T,24.15,24.13,2021-11-22 14:56:49.799557,24.14
,ask,bid,time,med
T,24.15,24.13,2021-11-22 14:56:54.867580,24.14
,ask,bid,time,med
T,24.15,24.13,2021-11-22 14:57:09.527597,24.14
,ask,bid,time,med
T,24.15,24.13,2021-11-22 14:57:31.335122,24.14
,ask,bid,time,med
T,24.15,24.13,2021-11-22 14:57:48.616902,24.14
,ask,bid,time,med
T,24.15,24.13,2021-11-22 14:58:11.797211,24.14
,ask,bid,time,med
T,24.15,24.13,2021-11-22 14:58:41.380246,24.14
,ask,bid,time,med
T,24.15,24.13,2021-11-22 14:58:52.652741,24.14
,ask,bid,time,med
T,24.15,24.13,2021-11-22 14:59:08.555960,24.14
,ask,bid,time,med
T,24.15,24.13,2021-11-22 14:59:36.602128,24.14
,ask,bid,time,med
T,24.15,24.13,2021-11-22 14:59:47.401524,24.14
,ask,bid,time,med
T,24.15,24.13,2021-11-22 15:00:08.793303,24.14
,ask,bid,time,med
T,24.15,24.13,2021-11-22 15:00:30.318749,24.14
,ask,bid,time,med
T,24.15,24.13,2021-11-22 15:00:42.412070,24.14
,ask,bid,time,med
T,24.15,24.13,2021-11-22 15:01:06.539709,24.14
,ask,bid,time,med
T,24.15,24.13,2021-11-22 15:01:25.169524,24.14
,ask,bid,time,med
T,24.15,24.13,2021-11-22 15:01:37.259766,24.14
,ask,bid,time,med
T,24.15,24.13,2021-11-22 15:02:02.128534,24.14
,ask,bid,time,med
T,24.15,24.13,2021-11-22 15:02:09.226316,24.14
,ask,bid,time,med
T,24.15,24.13,2021-11-22 15:02:27.475641,24.14
,ask,bid,time,med
T,24.15,24.13,2021-11-22 15:02:48.659395,24.14
,ask,bid,time,med
T,24.15,24.13,2021-11-22 15:03:10.724501,24.14
,ask,bid,time,med
T,24.15,24.13,2021-11-22 15:03:29.814053,24.14
,ask,bid,time,med
T,24.15,24.13,2021-11-22 15:03:46.691793,24.14
,ask,bid,time,med
T,24.15,24.13,2021-11-22 15:03:58.644787,24.14
,ask,bid,time,med
T,24.15,24.13,2021-11-22 15:04:21.948918,24.14
,ask,bid,time,med
T,24.15,24.13,2021-11-22 15:04:34.085136,24.14
,ask,bid,time,med
T,24.15,24.13,2021-11-22 15:04:58.276614,24.14
,ask,bid,time,med
T,24.15,24.13,2021-11-22 15:05:17.097835,24.14
,ask,bid,time,med
T,24.15,24.13,2021-11-22 15:05:36.568614,24.14
,ask,bid,time,med
T,24.15,24.13,2021-11-22 15:06:02.118134,24.14
,ask,bid,time,med
T,24.15,24.13,2021-11-22 15:06:20.593878,24.14
,ask,bid,time,med
T,24.15,24.13,2021-11-22 15:06:28.694335,24.14
,ask,bid,time,med
T,24.15,24.13,2021-11-22 15:06:53.030986,24.14
,ask,bid,time,med
T,24.15,24.13,2021-11-22 15:07:15.868384,24.14
,ask,bid,time,med
T,24.15,24.13,2021-11-22 15:07:24.815084,24.14
,ask,bid,time,med
T,24.15,24.13,2021-11-22 15:07:51.508677,24.14
,ask,bid,time,med
T,24.15,24.13,2021-11-22 15:08:07.733841,24.14
,ask,bid,time,med
T,24.15,24.13,2021-11-22 15:08:31.106463,24.14
,ask,bid,time,med
T,24.15,24.13,2021-11-22 15:08:37.716263,24.14
,ask,bid,time,med
T,24.15,24.13,2021-11-22 15:09:09.996361,24.14
,ask,bid,time,med
T,24.15,24.13,2021-11-22 15:09:15.406995,24.14
,ask,bid,time,med
T,24.15,24.13,2021-11-22 15:09:34.708591,24.14
,ask,bid,time,med
T,24.15,24.13,2021-11-22 15:09:51.145024,24.14
,ask,bid,time,med
T,24.15,24.13,2021-11-22 15:10:14.983770,24.14
,ask,bid,time,med
T,24.15,24.13,2021-11-22 15:10:45.322937,24.14
,ask,bid,time,med
T,24.15,24.13,2021-11-22 15:11:17.597144,24.14
,ask,bid,time,med
T,24.15,24.13,2021-11-22 15:11:33.949514,24.14
,ask,bid,time,med
T,24.15,24.13,2021-11-22 15:11:57.457721,24.14
,ask,bid,time,med
T,24.15,24.13,2021-11-22 15:12:24.625863,24.14
,ask,bid,time,med
T,24.15,24.13,2021-11-22 15:12:52.600231,24.14
,ask,bid,time,med
T,24.15,24.13,2021-11-22 15:12:58.133187,24.14
,ask,bid,time,med
T,24.15,24.13,2021-11-22 15:13:39.376354,24.14
,ask,bid,time,med
T,24.15,24.13,2021-11-22 15:14:00.320343,24.14
,ask,bid,time,med
T,24.15,24.13,2021-11-22 15:14:31.443402,24.14
,ask,bid,time,med
T,24.15,24.13,2021-11-22 15:14:58.580248,24.14
,ask,bid,time,med
T,24.15,24.13,2021-11-22 15:15:32.916825,24.14
,ask,bid,time,med
T,24.15,24.13,2021-11-22 15:15:55.050849,24.14
,ask,bid,time,med
T,24.15,24.13,2021-11-22 15:16:11.062093,24.14
,ask,bid,time,med
T,24.15,24.13,2021-11-22 15:16:21.370751,24.14
,ask,bid,time,med
T,24.15,24.13,2021-11-22 15:16:45.955448,24.14
,ask,bid,time,med
T,24.15,24.13,2021-11-22 15:17:08.571798,24.14
,ask,bid,time,med
T,24.15,24.13,2021-11-22 15:17:21.802395,24.14
,ask,bid,time,med
T,24.15,24.13,2021-11-22 15:17:47.216449,24.14
,ask,bid,time,med
T,24.15,24.13,2021-11-22 15:17:54.404110,24.14
,ask,bid,time,med
T,24.15,24.13,2021-11-22 15:18:17.451110,24.14
,ask,bid,time,med
T,24.15,24.13,2021-11-22 15:18:28.034992,24.14
,ask,bid,time,med
T,24.15,24.13,2021-11-22 15:18:55.903667,24.14
,ask,bid,time,med
T,24.15,24.13,2021-11-22 15:19:15.643487,24.14
,ask,bid,time,med
T,24.15,24.13,2021-11-22 15:19:31.688282,24.14
,ask,bid,time,med
T,24.15,24.13,2021-11-22 15:19:52.985570,24.14
,ask,bid,time,med
T,24.15,24.13,2021-11-22 15:20:01.290803,24.14
,ask,bid,time,med
T,24.15,24.13,2021-11-22 15:20:27.709322,24.14
,ask,bid,time,med
T,24.15,24.13,2021-11-22 15:20:48.460410,24.14
,ask,bid,time,med
T,24.15,24.13,2021-11-22 15:21:13.733626,24.14
,ask,bid,time,med
T,24.15,24.13,2021-11-22 15:21:29.231949,24.14
,ask,bid,time,med
T,24.15,24.13,2021-11-22 15:21:45.284712,24.14
,ask,bid,time,med
T,24.15,24.13,2021-11-22 15:21:53.667647,24.14
,ask,bid,time,med
T,24.15,24.13,2021-11-22 15:22:21.274821,24.14
,ask,bid,time,med
T,24.15,24.13,2021-11-22 15:22:43.986061,24.14
,ask,bid,time,med
T,24.15,24.13,2021-11-22 15:22:49.716861,24.14
,ask,bid,time,med
T,24.15,24.13,2021-11-22 15:23:19.673396,24.14
,ask,bid,time,med
T,24.15,24.13,2021-11-22 15:23:53.544736,24.14
,ask,bid,time,med
T,24.15,24.13,2021-11-22 15:24:22.355164,24.14
,ask,bid,time,med
T,24.15,24.13,2021-11-22 15:24:34.465894,24.14
,ask,bid,time,med
T,24.15,24.13,2021-11-22 15:25:12.051475,24.14
,ask,bid,time,med
T,24.15,24.13,2021-11-22 15:25:30.597503,24.14
,ask,bid,time,med
T,24.15,24.13,2021-11-22 15:26:11.395174,24.14
,ask,bid,time,med
T,24.15,24.13,2021-11-22 15:26:27.537307,24.14
,ask,bid,time,med
T,24.15,24.13,2021-11-22 15:27:03.599562,24.14
,ask,bid,time,med
T,24.15,24.13,2021-11-22 15:27:49.821946,24.14
,ask,bid,time,med
T,24.15,24.13,2021-11-22 15:28:15.522997,24.14
,ask,bid,time,med
T,24.15,24.13,2021-11-22 15:28:41.617277,24.14
,ask,bid,time,med
T,24.15,24.13,2021-11-22 15:29:18.802561,24.14
,ask,bid,time,med
T,24.15,24.13,2021-11-22 15:30:05.451261,24.14
,ask,bid,time,med
T,24.14,24.12,2021-11-22 15:30:46.820656,24.130000000000003
,ask,bid,time,med
T,24.13,24.1,2021-11-22 15:31:17.646261,24.115000000000002
,ask,bid,time,med
T,24.14,24.12,2021-11-22 15:31:58.870810,24.130000000000003
,ask,bid,time,med
T,24.12,24.1,2021-11-22 15:32:33.930336,24.11
,ask,bid,time,med
T,24.12,24.09,2021-11-22 15:32:46.201236,24.105
,ask,bid,time,med
T,24.09,24.07,2021-11-22 15:33:15.360643,24.08
,ask,bid,time,med
T,24.15,24.13,2021-11-22 15:34:15.867507,24.14
,ask,bid,time,med
T,24.15,24.13,2021-11-22 15:34:50.233308,24.14
,ask,bid,time,med
T,24.16,24.14,2021-11-22 15:35:04.016472,24.15
,ask,bid,time,med
T,24.12,24.1,2021-11-22 15:35:47.563278,24.11
,ask,bid,time,med
T,24.18,24.16,2021-11-22 15:36:23.839453,24.17
,ask,bid,time,med
T,24.14,24.12,2021-11-22 15:36:47.212840,24.130000000000003
,ask,bid,time,med
T,24.13,24.11,2021-11-22 15:37:32.216103,24.119999999999997
,ask,bid,time,med
T,24.13,24.11,2021-11-22 15:37:43.615544,24.119999999999997
,ask,bid,time,med
T,24.13,24.11,2021-11-22 15:38:22.449320,24.119999999999997
,ask,bid,time,med
T,24.12,24.1,2021-11-22 15:39:15.850,24.11
,ask,bid,time,med
T,24.1,24.08,2021-11-22 15:39:34.619383,24.09
,ask,bid,time,med
T,24.1,24.08,2021-11-22 15:39:59.017963,24.09
,ask,bid,time,med
T,24.12,24.09,2021-11-22 15:40:47.301690,24.105
,ask,bid,time,med
T,24.14,24.12,2021-11-22 15:41:15.700553,24.130000000000003
,ask,bid,time,med
T,24.13,24.11,2021-11-22 15:41:40.444351,24.119999999999997
,ask,bid,time,med
T,24.14,24.12,2021-11-22 15:42:10.438884,24.130000000000003
,ask,bid,time,med
T,24.13,24.11,2021-11-22 15:42:37.552853,24.119999999999997
,ask,bid,time,med
T,24.15,24.13,2021-11-22 15:42:58.072616,24.14
,ask,bid,time,med
T,24.15,24.13,2021-11-22 15:43:32.954654,24.14
,ask,bid,time,med
T,24.15,24.13,2021-11-22 15:43:43.772083,24.14
,ask,bid,time,med
T,24.14,24.12,2021-11-22 15:44:21.103961,24.130000000000003
,ask,bid,time,med
T,24.14,24.12,2021-11-22 15:44:48.493147,24.130000000000003
,ask,bid,time,med
T,24.14,24.12,2021-11-22 15:45:12.536942,24.130000000000003
,ask,bid,time,med
T,24.14,24.12,2021-11-22 15:45:23.913142,24.130000000000003
,ask,bid,time,med
T,24.13,24.11,2021-11-22 15:45:56.376587,24.119999999999997
,ask,bid,time,med
T,24.14,24.12,2021-11-22 15:46:12.356504,24.130000000000003
,ask,bid,time,med
T,24.14,24.12,2021-11-22 15:46:49.038831,24.130000000000003
,ask,bid,time,med
T,24.14,24.12,2021-11-22 15:47:07.555090,24.130000000000003
,ask,bid,time,med
T,24.16,24.14,2021-11-22 15:47:31.708789,24.15
,ask,bid,time,med
T,24.17,24.15,2021-11-22 15:47:57.361430,24.16
,ask,bid,time,med
T,24.16,24.14,2021-11-22 15:48:23.290526,24.15
,ask,bid,time,med
T,24.16,24.14,2021-11-22 15:48:38.771253,24.15
,ask,bid,time,med
T,24.17,24.15,2021-11-22 15:48:57.442228,24.16
,ask,bid,time,med
T,24.18,24.16,2021-11-22 15:49:07.623843,24.17
,ask,bid,time,med
T,24.19,24.17,2021-11-22 15:49:25.409664,24.18
,ask,bid,time,med
T,24.2,24.18,2021-11-22 15:49:45.613237,24.189999999999998
,ask,bid,time,med
T,24.2,24.18,2021-11-22 15:49:57.033720,24.189999999999998
,ask,bid,time,med
T,24.21,24.19,2021-11-22 15:50:14.138359,24.200000000000003
,ask,bid,time,med
T,24.21,24.19,2021-11-22 15:50:25.051331,24.200000000000003
,ask,bid,time,med
T,24.2,24.18,2021-11-22 15:50:45.833988,24.189999999999998
,ask,bid,time,med
T,24.21,24.19,2021-11-22 15:50:59.116062,24.200000000000003
,ask,bid,time,med
T,24.21,24.19,2021-11-22 15:51:08.941831,24.200000000000003
,ask,bid,time,med
T,24.21,24.19,2021-11-22 15:51:21.724266,24.200000000000003
,ask,bid,time,med
T,24.21,24.19,2021-11-22 15:51:43.618700,24.200000000000003
,ask,bid,time,med
T,24.2,24.18,2021-11-22 15:51:56.486028,24.189999999999998
,ask,bid,time,med
T,24.21,24.19,2021-11-22 15:52:03.477602,24.200000000000003
,ask,bid,time,med
T,24.21,24.19,2021-11-22 15:52:26.639146,24.200000000000003
,ask,bid,time,med
T,24.21,24.19,2021-11-22 15:52:37.363976,24.200000000000003
,ask,bid,time,med
T,24.22,24.2,2021-11-22 15:52:55.585162,24.21
,ask,bid,time,med
T,24.23,24.21,2021-11-22 15:53:07.833040,24.22
,ask,bid,time,med
T,24.23,24.21,2021-11-22 15:53:16.745225,24.22
,ask,bid,time,med
T,24.22,24.2,2021-11-22 15:53:37.636654,24.21
,ask,bid,time,med
T,24.22,24.2,2021-11-22 15:53:42.645371,24.21
,ask,bid,time,med
T,24.24,24.22,2021-11-22 15:53:50.064325,24.229999999999997
,ask,bid,time,med
T,24.24,24.21,2021-11-22 15:53:52.688765,24.225
,ask,bid,time,med
T,24.24,24.22,2021-11-22 15:54:06.337546,24.229999999999997
,ask,bid,time,med
T,24.23,24.21,2021-11-22 15:54:10.343006,24.22
,ask,bid,time,med
T,24.22,24.2,2021-11-22 15:54:19.598322,24.21
,ask,bid,time,med
T,24.22,24.2,2021-11-22 15:54:23.358662,24.21
,ask,bid,time,med
T,24.22,24.2,2021-11-22 15:54:34.430736,24.21
,ask,bid,time,med
T,24.22,24.2,2021-11-22 15:54:42.038443,24.21
,ask,bid,time,med
T,24.22,24.2,2021-11-22 15:54:48.064813,24.21
,ask,bid,time,med
T,24.22,24.2,2021-11-22 15:54:52.244061,24.21
,ask,bid,time,med
T,24.22,24.2,2021-11-22 15:54:56.321861,24.21
,ask,bid,time,med
T,24.22,24.2,2021-11-22 15:55:01.981563,24.21
,ask,bid,time,med
T,24.22,24.2,2021-11-22 15:55:05.744058,24.21
,ask,bid,time,med
T,24.22,24.2,2021-11-22 15:55:09.916068,24.21
,ask,bid,time,med
T,24.22,24.2,2021-11-22 15:55:17.381162,24.21
,ask,bid,time,med
T,24.22,24.2,2021-11-22 15:55:19.544258,24.21
,ask,bid,time,med
T,24.22,24.2,2021-11-22 15:55:26.151291,24.21
,ask,bid,time,med
T,24.22,24.2,2021-11-22 15:55:31.924292,24.21
,ask,bid,time,med
T,24.22,24.2,2021-11-22 15:55:38.218404,24.21
,ask,bid,time,med
T,24.22,24.2,2021-11-22 15:55:43.874279,24.21
,ask,bid,time,med
T,24.22,24.2,2021-11-22 15:55:49.264339,24.21
,ask,bid,time,med
T,24.22,24.2,2021-11-22 15:55:53.424517,24.21
,ask,bid,time,med
T,24.22,24.2,2021-11-22 15:55:58.766698,24.21
,ask,bid,time,med
T,24.22,24.2,2021-11-22 15:56:06.404682,24.21
,ask,bid,time,med
T,24.22,24.2,2021-11-22 15:56:11.472609,24.21
,ask,bid,time,med
T,24.22,24.2,2021-11-22 15:56:15.378799,24.21
,ask,bid,time,med
T,24.22,24.2,2021-11-22 15:56:23.475610,24.21
,ask,bid,time,med
T,24.22,24.2,2021-11-22 15:56:28.529641,24.21
,ask,bid,time,med
T,24.22,24.2,2021-11-22 15:56:33.748824,24.21
,ask,bid,time,med
T,24.23,24.21,2021-11-22 15:56:36.992116,24.22
,ask,bid,time,med
T,24.23,24.21,2021-11-22 15:56:45.010715,24.22
,ask,bid,time,med
T,24.23,24.21,2021-11-22 15:56:50.726197,24.22
,ask,bid,time,med
T,24.23,24.21,2021-11-22 15:56:55.132680,24.22
,ask,bid,time,med
T,24.23,24.21,2021-11-22 15:57:00.818926,24.22
,ask,bid,time,med
T,24.24,24.22,2021-11-22 15:57:07.781356,24.229999999999997
,ask,bid,time,med
T,24.24,24.22,2021-11-22 15:57:14.584611,24.229999999999997
,ask,bid,time,med
T,24.25,24.23,2021-11-22 15:57:20.296791,24.240000000000002
,ask,bid,time,med
T,24.25,24.23,2021-11-22 15:57:27.339529,24.240000000000002
,ask,bid,time,med
T,24.25,24.23,2021-11-22 15:57:32.714652,24.240000000000002
,ask,bid,time,med
T,24.25,24.23,2021-11-22 15:57:35.741141,24.240000000000002
,ask,bid,time,med
T,24.25,24.23,2021-11-22 15:57:42.922102,24.240000000000002
,ask,bid,time,med
T,24.25,24.23,2021-11-22 15:57:50.141386,24.240000000000002
,ask,bid,time,med
T,24.24,24.22,2021-11-22 15:57:58.797675,24.229999999999997
,ask,bid,time,med
T,24.24,24.22,2021-11-22 15:58:01.080845,24.229999999999997
,ask,bid,time,med
T,24.24,24.22,2021-11-22 15:58:09.713793,24.229999999999997
,ask,bid,time,med
T,24.24,24.22,2021-11-22 15:58:17.374364,24.229999999999997
,ask,bid,time,med
T,24.24,24.22,2021-11-22 15:58:22.216184,24.229999999999997
,ask,bid,time,med
T,24.24,24.22,2021-11-22 15:58:32.666096,24.229999999999997
,ask,bid,time,med
T,24.24,24.22,2021-11-22 15:58:45.261797,24.229999999999997
,ask,bid,time,med
T,24.24,24.22,2021-11-22 15:58:48.809213,24.229999999999997
,ask,bid,time,med
T,24.24,24.22,2021-11-22 15:59:03.100169,24.229999999999997
,ask,bid,time,med
T,24.24,24.22,2021-11-22 15:59:10.275288,24.229999999999997
,ask,bid,time,med
T,24.24,24.22,2021-11-22 15:59:18.415105,24.229999999999997
,ask,bid,time,med
T,24.23,24.21,2021-11-22 15:59:23.887044,24.22
,ask,bid,time,med
T,24.24,24.22,2021-11-22 15:59:32.234052,24.229999999999997
,ask,bid,time,med
T,24.26,24.24,2021-11-22 15:59:41.057599,24.25
,ask,bid,time,med
T,24.26,24.24,2021-11-22 15:59:53.598060,24.25
,ask,bid,time,med
T,24.26,24.24,2021-11-22 16:00:02.678026,24.25
,ask,bid,time,med
T,24.26,24.24,2021-11-22 16:00:08.831397,24.25
,ask,bid,time,med
T,24.26,24.24,2021-11-22 16:00:16.070329,24.25
,ask,bid,time,med
T,24.26,24.24,2021-11-22 16:00:21.216956,24.25
,ask,bid,time,med
T,24.28,24.26,2021-11-22 16:00:26.273894,24.270000000000003
,ask,bid,time,med
T,24.27,24.25,2021-11-22 16:00:34.734621,24.259999999999998
,ask,bid,time,med
T,24.27,24.25,2021-11-22 16:00:40.485918,24.259999999999998
,ask,bid,time,med
T,24.27,24.25,2021-11-22 16:00:48.907636,24.259999999999998
,ask,bid,time,med
T,24.26,24.24,2021-11-22 16:00:58.278414,24.25
,ask,bid,time,med
T,24.26,24.24,2021-11-22 16:01:06.178234,24.25
,ask,bid,time,med
T,24.25,24.23,2021-11-22 16:01:14.130426,24.240000000000002
,ask,bid,time,med
T,24.25,24.23,2021-11-22 16:01:18.243296,24.240000000000002
,ask,bid,time,med
T,24.25,24.23,2021-11-22 16:01:25.433574,24.240000000000002
,ask,bid,time,med
T,24.25,24.23,2021-11-22 16:01:34.294487,24.240000000000002
,ask,bid,time,med
T,24.25,24.23,2021-11-22 16:01:41.776380,24.240000000000002
,ask,bid,time,med
T,24.25,24.23,2021-11-22 16:01:46.969284,24.240000000000002
,ask,bid,time,med
T,24.25,24.23,2021-11-22 16:01:52.520290,24.240000000000002
,ask,bid,time,med
T,24.25,24.23,2021-11-22 16:01:54.382297,24.240000000000002
,ask,bid,time,med
T,24.25,24.23,2021-11-22 16:02:00.966584,24.240000000000002
,ask,bid,time,med
T,24.24,24.22,2021-11-22 16:02:04.026933,24.229999999999997
,ask,bid,time,med
T,24.24,24.22,2021-11-22 16:02:09.954767,24.229999999999997
,ask,bid,time,med
T,24.24,24.22,2021-11-22 16:02:16.016458,24.229999999999997
,ask,bid,time,med
T,24.25,24.23,2021-11-22 16:02:21.464638,24.240000000000002
,ask,bid,time,med
T,24.25,24.23,2021-11-22 16:02:28.059808,24.240000000000002
,ask,bid,time,med
T,24.24,24.22,2021-11-22 16:02:35.775084,24.229999999999997
,ask,bid,time,med
T,24.24,24.22,2021-11-22 16:02:40.218116,24.229999999999997
,ask,bid,time,med
T,24.24,24.22,2021-11-22 16:02:46.572067,24.229999999999997
,ask,bid,time,med
T,24.24,24.22,2021-11-22 16:02:51.248925,24.229999999999997
,ask,bid,time,med
T,24.24,24.22,2021-11-22 16:02:59.957029,24.229999999999997
,ask,bid,time,med
T,24.24,24.22,2021-11-22 16:03:04.916853,24.229999999999997
,ask,bid,time,med
T,24.25,24.23,2021-11-22 16:03:16.507075,24.240000000000002
,ask,bid,time,med
T,24.26,24.24,2021-11-22 16:03:20.781920,24.25
,ask,bid,time,med
T,24.26,24.24,2021-11-22 16:03:27.309116,24.25
,ask,bid,time,med
T,24.26,24.24,2021-11-22 16:03:33.738570,24.25
,ask,bid,time,med
T,24.26,24.24,2021-11-22 16:03:39.057831,24.25
,ask,bid,time,med
T,24.26,24.24,2021-11-22 16:03:43.874762,24.25
,ask,bid,time,med
T,24.26,24.24,2021-11-22 16:03:51.092453,24.25
,ask,bid,time,med
T,24.27,24.25,2021-11-22 16:03:55.109682,24.259999999999998
,ask,bid,time,med
T,24.25,24.23,2021-11-22 16:04:02.233455,24.240000000000002
,ask,bid,time,med
T,24.25,24.23,2021-11-22 16:04:08.459923,24.240000000000002
,ask,bid,time,med
T,24.26,24.24,2021-11-22 16:04:17.403649,24.25
,ask,bid,time,med
T,24.26,24.24,2021-11-22 16:04:21.937349,24.25
,ask,bid,time,med
T,24.26,24.24,2021-11-22 16:04:32.124723,24.25
,ask,bid,time,med
T,24.26,24.24,2021-11-22 16:04:37.613078,24.25
,ask,bid,time,med
T,24.26,24.24,2021-11-22 16:04:44.846474,24.25
,ask,bid,time,med
T,24.26,24.24,2021-11-22 16:04:47.162701,24.25
,ask,bid,time,med
T,24.26,24.24,2021-11-22 16:04:54.970075,24.25
,ask,bid,time,med
T,24.26,24.24,2021-11-22 16:05:03.848854,24.25
,ask,bid,time,med
T,24.26,24.24,2021-11-22 16:05:09.495069,24.25
,ask,bid,time,med
T,24.25,24.23,2021-11-22 16:05:18.876891,24.240000000000002
,ask,bid,time,med
T,24.25,24.23,2021-11-22 16:05:23.027739,24.240000000000002
,ask,bid,time,med
T,24.25,24.23,2021-11-22 16:05:29.077276,24.240000000000002
,ask,bid,time,med
T,24.26,24.24,2021-11-22 16:05:36.793535,24.25
,ask,bid,time,med
T,24.26,24.24,2021-11-22 16:05:41.928600,24.25
,ask,bid,time,med
T,24.26,24.24,2021-11-22 16:05:52.047546,24.25
,ask,bid,time,med
T,24.27,24.25,2021-11-22 16:06:01.135447,24.259999999999998
,ask,bid,time,med
T,24.27,24.25,2021-11-22 16:06:13.488442,24.259999999999998
,ask,bid,time,med
T,24.26,24.24,2021-11-22 16:06:17.994082,24.25
,ask,bid,time,med
T,24.26,24.24,2021-11-22 16:06:22.833375,24.25
,ask,bid,time,med
T,24.26,24.24,2021-11-22 16:06:27.282860,24.25
,ask,bid,time,med
T,24.25,24.23,2021-11-22 16:06:35.472201,24.240000000000002
,ask,bid,time,med
T,24.25,24.23,2021-11-22 16:06:40.097148,24.240000000000002
,ask,bid,time,med
T,24.25,24.23,2021-11-22 16:06:43.155239,24.240000000000002
,ask,bid,time,med
T,24.25,24.23,2021-11-22 16:06:50.078228,24.240000000000002
,ask,bid,time,med
T,24.25,24.23,2021-11-22 16:06:57.277404,24.240000000000002
,ask,bid,time,med
T,24.26,24.24,2021-11-22 16:07:01.008023,24.25
,ask,bid,time,med
T,24.27,24.25,2021-11-22 16:07:09.317288,24.259999999999998
,ask,bid,time,med
T,24.27,24.25,2021-11-22 16:07:11.108500,24.259999999999998
,ask,bid,time,med
T,24.27,24.25,2021-11-22 16:07:17.687719,24.259999999999998
,ask,bid,time,med
T,24.27,24.25,2021-11-22 16:07:22.055881,24.259999999999998
,ask,bid,time,med
T,24.27,24.25,2021-11-22 16:07:26.889460,24.259999999999998
,ask,bid,time,med
T,24.27,24.25,2021-11-22 16:07:37.682896,24.259999999999998
,ask,bid,time,med
T,24.26,24.24,2021-11-22 16:07:43.102074,24.25
,ask,bid,time,med
T,24.26,24.24,2021-11-22 16:07:45.229433,24.25
,ask,bid,time,med
T,24.26,24.24,2021-11-22 16:07:57.881600,24.25
,ask,bid,time,med
T,24.26,24.24,2021-11-22 16:08:05.195504,24.25
,ask,bid,time,med
T,24.26,24.24,2021-11-22 16:08:08.886020,24.25
,ask,bid,time,med
T,24.25,24.23,2021-11-22 16:08:13.889104,24.240000000000002
,ask,bid,time,med
T,24.25,24.23,2021-11-22 16:08:17.450880,24.240000000000002
,ask,bid,time,med
T,24.25,24.23,2021-11-22 16:08:25.638921,24.240000000000002
,ask,bid,time,med
T,24.25,24.23,2021-11-22 16:08:30.496725,24.240000000000002
,ask,bid,time,med
T,24.25,24.23,2021-11-22 16:08:36.253009,24.240000000000002
,ask,bid,time,med
T,24.25,24.23,2021-11-22 16:08:40.748847,24.240000000000002
,ask,bid,time,med
T,24.25,24.23,2021-11-22 16:08:47.679562,24.240000000000002
,ask,bid,time,med
T,24.25,24.23,2021-11-22 16:08:59.872870,24.240000000000002
,ask,bid,time,med
T,24.25,24.23,2021-11-22 16:09:04.367960,24.240000000000002
,ask,bid,time,med
T,24.25,24.23,2021-11-22 16:09:16.557508,24.240000000000002
,ask,bid,time,med
T,24.25,24.23,2021-11-22 16:09:22.068917,24.240000000000002
,ask,bid,time,med
T,24.25,24.23,2021-11-22 16:09:26.604289,24.240000000000002
,ask,bid,time,med
T,24.25,24.23,2021-11-22 16:09:35.023794,24.240000000000002
,ask,bid,time,med
T,24.25,24.23,2021-11-22 16:09:46.200696,24.240000000000002
,ask,bid,time,med
T,24.27,24.25,2021-11-22 16:09:55.413511,24.259999999999998
,ask,bid,time,med
T,24.27,24.25,2021-11-22 16:09:59.039015,24.259999999999998
,ask,bid,time,med
T,24.27,24.25,2021-11-22 16:10:08.591070,24.259999999999998
,ask,bid,time,med
T,24.26,24.24,2021-11-22 16:10:12.757403,24.25
,ask,bid,time,med
T,24.26,24.24,2021-11-22 16:10:19.552232,24.25
,ask,bid,time,med
T,24.26,24.24,2021-11-22 16:10:28.220075,24.25
,ask,bid,time,med
T,24.26,24.24,2021-11-22 16:10:35.247242,24.25
,ask,bid,time,med
T,24.26,24.24,2021-11-22 16:10:38.547209,24.25
,ask,bid,time,med
T,24.25,24.23,2021-11-22 16:10:48.939343,24.240000000000002
,ask,bid,time,med
T,24.24,24.22,2021-11-22 16:10:56.611352,24.229999999999997
,ask,bid,time,med
T,24.24,24.22,2021-11-22 16:10:59.830847,24.229999999999997
,ask,bid,time,med
T,24.26,24.24,2021-11-22 16:11:07.102693,24.25
,ask,bid,time,med
T,24.26,24.24,2021-11-22 16:11:11.718976,24.25
,ask,bid,time,med
T,24.26,24.24,2021-11-22 16:11:19.999791,24.25
,ask,bid,time,med
T,24.26,24.24,2021-11-22 16:11:28.417138,24.25
,ask,bid,time,med
T,24.26,24.24,2021-11-22 16:11:35.121633,24.25
,ask,bid,time,med
T,24.26,24.24,2021-11-22 16:11:39.167201,24.25
,ask,bid,time,med
T,24.26,24.24,2021-11-22 16:11:46.506461,24.25
,ask,bid,time,med
T,24.26,24.24,2021-11-22 16:11:53.581153,24.25
,ask,bid,time,med
T,24.26,24.24,2021-11-22 16:12:00.726752,24.25
,ask,bid,time,med
T,24.26,24.24,2021-11-22 16:12:05.814890,24.25
,ask,bid,time,med
T,24.26,24.24,2021-11-22 16:12:10.971387,24.25
,ask,bid,time,med
T,24.26,24.24,2021-11-22 16:12:16.772973,24.25
,ask,bid,time,med
T,24.26,24.24,2021-11-22 16:12:22.234156,24.25
