time,open,high,low,close,%_change,Relat_close,Relat_high,Relat_low,Relat_open,RSI_13,relat_RSI_13,Moving_Signal,Moving_Price,Relat_Moving_Signal,Relat_Moving_Price,Scale_price,S&R,Signal_SR,signal_buy,signal_sell,Change,aadi_pct_change,Tradable
time,open,high,low,close,%_change,Relat_close,Relat_high,Relat_low,Relat_open,RSI_13,relat_RSI_13,Moving_Signal,Moving_Price,Relat_Moving_Signal,Relat_Moving_Price,Scale_price,S&R,Signal_SR,signal_buy,signal_sell,Change,aadi_pct_change,Tradable
2021-11-22 12:41:00,153.52499999999998,153.52499999999998,153.51299999999998,153.51299999999998,0.0014482259232437844,0.0014482259232437844,0.0015265084055817724,0.0014482259232444505,0.0015265084055815503,70.0089407901363,70.00894079013965,72.37915317446195,70.59446045422389,0.0013510251743412915,0.0007150452407511754,1.5351299999999997,0.5351299999999997,0,False,False,-4.885341045668401e-05,0,0
2021-11-22 12:42:00,153.51049999999998,153.51049999999998,153.49599999999998,153.4995,0.0013601581306141863,0.0013601581306141863,0.0014319170727572494,0.0013373257399329486,0.0014319170727570274,62.304142361547605,62.30414236154336,66.15654157584194,69.63842253579452,0.0013627675466919343,0.0007286468220573172,1.534995,0.5349950000000001,0,False,False,-8.794043501181292e-05,0,0
2021-11-22 12:43:00,153.5025,153.5035,153.4905,153.4905,0.001301446268860973,0.001301446268860973,0.0013862522913938857,0.001301446268861639,0.0013797287511987388,57.71660710956227,57.71660710956152,60.01037473555493,68.26136225502668,0.00136602931678933,0.0007423788741673554,1.534905,0.534905,0,False,False,-5.8632112808321146e-05,0,0
2021-11-22 12:44:00,153.48899999999998,153.48899999999998,153.465,153.478,0.0012199020164260777,0.0012199020164260777,0.0012916609585691408,0.0011350959938944971,0.0012916609585689187,51.96006378348762,51.96006378348531,54.838335446524944,66.10306749889665,0.001361789015662729,0.000753925540312137,1.53478,0.53478,0,False,False,-8.143826490880635e-05,0,0
2021-11-22 12:45:00,153.48250000000002,153.4845,153.481,153.4845,0.00126230502769209,0.00126230502769209,0.001262305027692756,0.0012394726370110742,0.0012492579473031284,54.51563824542728,54.51563824542031,53.23785101445745,63.653732125367334,0.0013565701835068999,0.0007656679126627575,1.534845,0.534845,0,False,False,4.235134677266217e-05,0,0
2021-11-22 12:46:00,153.481,153.503,153.481,153.503,0.0013829905212956461,0.0013829905212956461,0.0013829905212963123,0.0012394726370110742,0.0012394726370108522,60.92488332834144,60.924883328331845,57.72026078688436,61.73994873961287,0.0013653769627698597,0.0007778016974250646,1.53503,0.5350299999999999,0,False,False,0.00012053334375772273,0,0
2021-11-22 12:47:00,153.5085,153.55599999999998,153.5085,153.55599999999998,0.0017287381516195577,0.0017287381516195577,0.0017287381516202238,0.0014188699923678438,0.0014188699923676218,72.81412846693823,72.81412846692739,66.86950589763984,61.463486297920106,0.001409084682074968,0.000792479662863339,1.5355599999999998,0.5355599999999998,0,False,False,0.0003452701250137302,0,0
2021-11-22 12:48:00,153.5645,153.5905,153.5645,153.5905,0.001953800288339913,0.001953800288339913,0.001953800288340579,0.00178418824327653,0.0017841882432763079,77.61678743591843,77.61678743590824,75.21545795142833,62.550321533031834,0.0014638824197112043,0.000808397100938627,1.5359049999999999,0.5359049999999999,0,False,False,0.0002246737346636163,0,0
2021-11-22 12:49:00,153.567,153.58999999999995,153.567,153.5785,0.0018755178060023692,0.0018755178060023692,0.0019505385182430057,0.001800497093763509,0.001800497093763287,72.77249857145796,72.77249857144699,75.19464300368818,64.04580099159047,0.001503023660879932,0.0008227488893671642,1.535785,0.535785,0,False,False,-7.812983224875225e-05,0,0
2021-11-22 12:50:00,153.57999999999998,153.59,153.57999999999998,153.5885,0.0019407532079505074,0.0019407532079505074,0.0019505385182434498,0.0018853031162957556,0.0018853031162955336,74.22480160935412,74.22480160934543,73.49865009040604,66.40411449156072,0.0015473837342045104,0.0008402645947901788,1.5358850000000002,0.5358850000000002,0,False,False,6.511328083047552e-05,0,0
2021-11-22 12:51:00,153.58300000000003,153.58300000000003,153.48000000000002,153.48000000000002,0.0012329490968154833,0.0012329490968154833,0.001904873736880086,0.0012329490968168155,0.0019048737368803081,45.62171472680169,45.621714726797094,59.92325816807791,65.4986360548913,0.0015258560515616804,0.0008489082855482755,1.5348000000000002,0.5348000000000002,0,False,False,-0.0007064330988322265,0,0
2021-11-22 12:52:00,153.507,153.507,153.4235,153.4235,0.0008643690758094458,0.0008643690758094458,0.0014090846820757896,0.000864369075810778,0.0014090846820760117,37.47494131818245,37.47494131817828,41.54832802249207,63.064250779570614,0.0014762771460812064,0.0008553665903411134,1.5342349999999998,0.5342349999999998,0,False,False,-0.0003681261402138647,0,0
2021-11-22 12:53:00,153.4445,153.4445,153.356,153.356,0.0004240301126610113,0.0004240301126610113,0.0010013634199013133,0.0004240301126623436,0.0010013634199015353,30.439794305044856,30.43979430504278,33.95736781161365,58.70923806195682,0.00138853553046121,0.0008571605638946745,1.53356,0.53356,0,False,False,-0.0004399586764739505,0,0
2021-11-22 12:54:00,153.34449999999998,153.35500000000002,153.34449999999998,153.3545,0.0004142448023689571,0.0004142448023689571,0.00041750657246741874,0.0003490094004221511,0.0003490094004221511,30.30284331111595,30.302843311115126,30.371318808080403,52.63619732541078,0.0013079698090554981,0.000860096156982324,1.533545,0.5335449999999999,0,False,False,-9.781162784605613e-06,0,0
2021-11-22 12:55:00,153.37,153.39350000000002,153.37,153.374,0.0005414538361674381,0.0005414538361674381,0.0006686628699670294,0.0005153596753895151,0.0005153596753895151,34.45585214796107,34.455852147962105,32.37934772953851,46.470349427131154,0.001235884689903033,0.0008653476068391264,1.5337399999999999,0.5337399999999999,0,False,False,0.0001271563599372083,0,0
2021-11-22 12:56:00,153.327,153.32799999999995,153.322,153.32799999999995,0.00024137098720666827,0.00024137098720666827,0.00024137098720755645,0.00020222974603956168,0.00023484744701329774,29.90241464774404,29.90241464774543,32.17913339785255,40.34605172374346,0.0011217227364941351,0.0008665870794761266,1.5332799999999995,0.5332799999999995,0,False,False,-0.0002999204558794544,0,0
2021-11-22 12:57:00,153.3485,153.3485,153.3225,153.32999999999998,0.0002544180675962959,0.0002544180675962959,0.0003751035612011844,0.00020549151613691308,0.0003751035612014064,30.336044115326487,30.33604411532106,30.119229381535263,34.076229224596645,0.0009742907280918089,0.0008681527291228708,1.5332999999999999,0.5332999999999999,0,False,False,1.3043931962997135e-05,0,0
2021-11-22 12:58:00,153.33499999999998,153.3535,153.33499999999998,153.3535,0.00040772126217403226,0.00040772126217403226,0.0004077212621751425,0.00028703576857180835,0.0002870357685715863,35.42121521866916,35.42121521866508,32.878629666997824,32.619015009149145,0.0008196828254752209,0.0008690007893481888,1.5335349999999999,0.5335349999999999,0,False,False,0.00015326420139571972,0,0
2021-11-22 12:59:00,153.3795,153.4195,153.3795,153.4035,0.0007338982719136133,0.0007338982719136133,0.0008382749150315227,0.000577333307240302,0.0005773333072400799,44.72189758199068,44.72189758198426,40.071556400329925,33.65429447540746,0.0007055208720663453,0.0008694248194608445,1.534035,0.534035,0,False,False,0.0003260440746379878,0,0
2021-11-22 13:00:00,153.39600000000002,153.4105,153.381,153.381,0.0005871186175305798,0.0005871186175305798,0.0007795630532785314,0.0005871186175323562,0.0006849717204542305,41.78796085607442,41.78796085606548,43.25492921903255,35.27546112555454,0.0005701574130243525,0.0008698162318725245,1.53381,0.5338099999999999,0,False,False,-0.00014667201204676683,0,0
2021-11-22 13:01:00,153.368,153.38299999999998,153.368,153.38299999999998,0.0006001656979199854,0.0006001656979199854,0.0006001656979215397,0.0005023125950001095,0.0005023125949998875,42.15340240620673,42.153402406196285,41.97068163114058,36.96839813913895,0.0005068790731348027,0.0008704359681910212,1.5338299999999998,0.5338299999999998,0,False,False,1.3039424700433955e-05,0,0
2021-11-22 13:02:00,153.35899999999998,153.3955,153.35899999999998,153.3955,0.0006817099503548807,0.0006817099503548807,0.000681709950356435,0.0004436007332468961,0.00044360073324667404,44.51196069845735,44.51196069844396,43.33268155233204,38.40498507492413,0.0004886131605893462,0.0008719037647348404,1.533955,0.533955,0,False,False,8.149534172630091e-05,0,0
2021-11-22 13:03:00,153.385,153.413,153.385,153.413,0.0007958719037639561,0.0007958719037639561,0.0007958719037655104,0.0006132127783116115,0.0006132127783113894,47.743428613982125,47.74342861397302,46.12769465621974,40.953701355815284,0.0005257973396996408,0.0008728170603621032,1.5341300000000002,0.5341300000000002,0,False,False,0.00011408418108760365,0,0
2021-11-22 13:04:00,153.40449999999998,153.41199999999998,153.3725,153.41199999999998,0.0007893483635688092,0.0007893483635688092,0.0007893483635703635,0.0005316685258767162,0.0007404218121098705,47.57192422238129,47.57192422236862,47.65767641818171,43.415969942537394,0.000563307695819626,0.0008749045932244259,1.5341199999999997,0.5341199999999997,0,False,False,-6.518352421491791e-06,0,0
2021-11-22 13:05:00,153.4085,153.434,153.4085,153.434,0.0009328662478544913,0.0009328662478544913,0.0009328662478560457,0.0007665159728893478,0.0007665159728891258,51.706536426274575,51.70653642626573,49.63923032432793,45.742444400766736,0.0006024489369883312,0.0008792427474539543,1.53434,0.53434,0,False,False,0.00014340468802975792,0,0
2021-11-22 13:06:00,153.44299999999998,153.476,153.44299999999998,153.466,0.0011416195340878676,0.0011416195340878676,0.0012068549360373382,0.0009915781096094811,0.000991578109609259,57.04453761030393,57.0445376102942,54.37553701828925,47.50282154766864,0.0006924737916764512,0.0008881147621188656,1.5346600000000001,0.5346600000000001,0,False,False,0.0002085587288345181,0,0
2021-11-22 13:07:00,153.464,153.466,153.459,153.466,0.0011416195340878676,0.0011416195340878676,0.001141619534089422,0.0010959547527265023,0.0011285724537000164,57.04453761030393,57.04453761029419,57.04453761030393,49.68233251255856,0.0007811939383256083,0.0008977043662052031,1.5346600000000001,0.5346600000000001,0,False,False,0.0,0,0
2021-11-22 13:08:00,153.4625,153.4625,153.447,153.4535,0.0010600752816527503,0.0010600752816527503,0.001118787143407518,0.0010176722703889585,0.0011187871434079621,54.29334402245865,54.293344022446426,55.66894081638129,51.416609886308834,0.0008464293402734802,0.0009058261737477102,1.534535,0.534535,0,False,False,-8.145126607861375e-05,0,0
2021-11-22 13:09:00,153.462,153.4675,153.4555,153.4555,0.0010731223620426,0.0010731223620426,0.0011514048443812541,0.0010731223620448205,0.0011155253733103887,54.67226893219141,54.67226893218506,54.48280647732503,52.868082491127986,0.0008803517492863788,0.0009101317102762674,1.5345550000000001,0.5345550000000001,0,False,False,1.303326414858752e-05,0,0
2021-11-22 13:10:00,153.45850000000002,153.46499999999995,153.45850000000002,153.4645,0.0011318342237955914,0.0011318342237955914,0.001135095993893831,0.001092692982629151,0.0010926929826287068,56.43305048654864,56.43305048654061,55.55265970937002,54.10945704435177,0.00093482330991288,0.000915350542432094,1.5346449999999998,0.5346449999999998,0,False,False,5.864892428086854e-05,0,0
2021-11-22 13:11:00,153.4795,153.4965,153.4665,153.4775,0.001216640246327838,0.001216640246327838,0.001340587510030078,0.0011448813041872175,0.001229687326719242,58.92956313685852,58.92956313684792,57.68130681170358,55.731976889277085,0.0009964707647536653,0.0009227547605531772,1.534775,0.534775,0,False,False,8.471014469146887e-05,0,0
2021-11-22 13:12:00,153.4795,153.4795,153.4535,153.4535,0.0010600752816527503,0.0010600752816527503,0.001229687326718576,0.0010600752816549708,0.001229687326719242,52.87031782581176,52.87031782580095,55.899940481335136,55.89823137492527,0.0010343072978834522,0.000927516944895368,1.534535,0.534535,0,False,False,-0.00015637471290586014,0,0
2021-11-22 13:13:00,153.4255,153.4395,153.4225,153.43599999999998,0.000945913328243897,0.000945913328243897,0.0009687457189269111,0.0008578455356165193,0.0008774161562004057,48.898665413611965,48.89866541360576,50.884491619711866,54.734535346826405,0.0010493114403314463,0.0009295718600567193,1.5343599999999997,0.5343599999999997,0,False,False,-0.00011404106129875302,0,0
2021-11-22 13:14:00,153.425,153.4275,153.4135,153.4135,0.0007991336738613075,0.0007991336738613075,0.0008904632365893672,0.0007991336738633059,0.0008741543861030543,44.26691504338494,44.26691504338285,46.58279022849845,52.909160694409415,0.0010502899713606961,0.0009283650051206748,1.534135,0.534135,0,False,False,-0.00014664094475858036,0,0
2021-11-22 13:15:00,153.405,153.429,153.405,153.429,0.0009002485468805332,0.0009002485468805332,0.0009002485468816435,0.000743683582207666,0.0007436835822069998,47.94658329971202,47.94658329970736,46.10674917154848,52.002480591159895,0.0010470282012633003,0.0009285607113265115,1.53429,0.5342899999999999,0,False,False,0.00010103413324125121,0,0
2021-11-22 13:16:00,153.4425,153.4555,153.4425,153.449,0.0010307193507765877,0.0010307193507765877,0.0010731223620437103,0.0009883163395123518,0.0009883163395116856,52.34470413608274,52.34470413608283,50.14564371789738,51.66997133457294,0.0010359381829321724,0.0009293761538508538,1.5344900000000001,0.5344900000000001,0,False,False,0.00013035345338896498,0,0
2021-11-22 13:17:00,153.452,153.452,153.4435,153.4465,0.0010144105002893866,0.0010144105002893866,0.0010502899713618064,0.0009948398797072766,0.0010502899713622504,51.75256749503986,51.75256749503823,52.0486358155613,51.001330907214545,0.0010232172795523243,0.0009316920106199955,1.534465,0.534465,0,False,False,-1.629205794773103e-05,0,0
2021-11-22 13:18:00,153.4395,153.4395,153.3965,153.3965,0.0006882334905498055,0.0006882334905498055,0.0009687457189269111,0.000688233490552026,0.0009687457189273552,41.56502686476073,41.56502686475853,46.6587971799003,48.52068286834343,0.0009860331004420298,0.0009319855699287527,1.533965,0.533965,0,False,False,-0.00032584646766120606,0,0
2021-11-22 13:19:00,153.392,153.4195,153.392,153.4195,0.0008382749150299684,0.0008382749150299684,0.0008382749150310786,0.0006588775596754193,0.0006588775596745311,46.78525383638073,46.78525383637691,44.17514035057073,47.65138801271042,0.0009625483557407666,0.0009331271894628323,1.534195,0.534195,0,False,False,0.00014993823196740586,0,0
2021-11-22 13:20:00,153.4325,153.437,153.4235,153.4235,0.0008643690758090017,0.0008643690758090017,0.000952436868439932,0.0008643690758114442,0.0009230809375637694,47.6660876972903,47.66608769728395,47.22567076683552,47.47530548180733,0.0009358018409421076,0.0009338773965852232,1.5342349999999998,0.5342349999999998,0,False,False,2.607230501983082e-05,0,0
2021-11-22 13:21:00,153.4345,153.442,153.4345,153.4375,0.0009556986385361732,0.0009556986385361732,0.0009850545694138901,0.0009361280179542852,0.0009361280179536191,50.756665027472415,50.75666502746669,49.21137636238136,48.40241262239125,0.0009097076801629411,0.0009353125754280666,1.534375,0.534375,0,False,False,9.125068845383666e-05,0,0
2021-11-22 13:22:00,153.4365,153.4365,153.4105,153.4105,0.0007795630532769771,0.0007795630532769771,0.0009491750983423586,0.0007795630532791975,0.0009491750983430247,45.18198946637034,45.181989466368684,47.96932724692138,48.007470646199586,0.0008816564573253638,0.0009360301648494862,1.534105,0.534105,0,False,False,-0.00017596741344183542,0,0
2021-11-22 13:23:00,153.3815,153.3815,153.3465,153.36950000000002,0.0005120979052903873,0.0005120979052903873,0.0005903803876285973,0.00036205648081222286,0.0005903803876292635,38.26778737476512,38.26778737476093,41.72488842056773,45.99648253743993,0.0008382749150300129,0.0009329641009579248,1.5336950000000003,0.5336950000000003,0,False,False,-0.0002672568044560508,0,0
2021-11-22 13:24:00,153.3875,153.4145,153.3875,153.4145,0.0008056572140560103,0.0008056572140560103,0.0008056572140566765,0.0006295216287988126,0.0006295216287979244,47.771161936150264,47.77116193614758,43.01947465545769,45.42771031474142,0.0008389272690494832,0.0009317246283209046,1.534145,0.5341450000000001,0,False,False,0.0002934090546033996,0,0
2021-11-22 13:25:00,153.4085,153.425,153.4085,153.41899999999998,0.000835013144932395,0.000835013144932395,0.0008741543861019441,0.0007665159728895699,0.0007665159728886817,48.6279142933847,48.62791429338075,48.19953811476748,46.43669423311627,0.0008324037288546693,0.0009308113326936218,1.5341899999999997,0.5341899999999997,0,False,False,2.9332299098072667e-05,0,0
2021-11-22 13:26:00,153.3995,153.4115,153.398,153.4115,0.0007860865934714578,0.0007860865934714578,0.000786086593472124,0.0006980188008443022,0.0007078041111354683,47.229083082261624,47.22908308225678,47.928498687823165,46.50009841109925,0.0008079404531241563,0.0009301589786741316,1.534115,0.5341149999999999,0,False,False,-4.888573123273954e-05,0,0
2021-11-22 13:27:00,153.4095,153.4095,153.40699999999998,153.40699999999998,0.0007567306625948511,0.0007567306625948511,0.0007730395130827183,0.0007567306625972936,0.0007730395130836065,46.36220678645928,46.36220678645477,46.79564493436045,46.31382970955196,0.0007821724693547027,0.0009292783007478222,1.5340699999999998,0.5340699999999998,0,False,False,-2.933287269868412e-05,0,0
2021-11-22 13:28:00,153.40949999999998,153.414,153.399,153.4015,0.0007208511915235416,0.0007208511915235416,0.000802395443959103,0.000704542341039005,0.0007730395130833845,45.262199529680686,45.262199529674604,45.812203158069984,45.52890606701028,0.0007854342394520763,0.0009294740069536545,1.534015,0.5340149999999999,0,False,False,-3.585234050584862e-05,0,0
2021-11-22 13:29:00,153.3995,153.429,153.3995,153.429,0.0009002485468803112,0.0009002485468803112,0.0009002485468811994,0.0007078041111363564,0.0007078041111354683,51.49585015654985,51.49585015654258,48.37902484311527,46.43088616560736,0.0007916316026371107,0.0009309091857964979,1.53429,0.5342899999999999,0,False,False,0.00017926812971191808,0,0
2021-11-22 13:30:00,153.42950000000002,153.4485,153.4215,153.4485,0.0010274575806787922,0.0010274575806787922,0.0010274575806796804,0.0008513219954218165,0.000903510316979439,55.397748263694524,55.39774826368963,53.44679921012219,48.878023435454416,0.0008079404531240897,0.0009335838372763506,1.5344849999999999,0.5344849999999999,0,False,False,0.0001270946170541798,0,0
2021-11-22 13:31:00,153.4315,153.4475,153.4315,153.4425,0.0009883163395099093,0.0009883163395099093,0.0010209340404847556,0.0009165573973697327,0.0009165573973690666,53.951057417011604,53.9510574170024,54.67440284035307,49.760865647006035,0.0008112022232214632,0.0009371065489815255,1.534425,0.5344249999999999,0,False,False,-3.910106648163936e-05,0,0
2021-11-22 13:32:00,153.4365,153.471,153.428,153.471,0.0011742372350616037,0.0011742372350616037,0.0011742372350624919,0.0008937250066880509,0.0009491750983430247,59.406121807992655,59.40612180798516,56.67858961250213,51.30060957766432,0.000850669641399926,0.0009435974714753325,1.53471,0.53471,0,False,False,0.00018573732831517198,0,0
2021-11-22 13:33:00,153.466,153.466,153.4465,153.4525,0.0010535517414578255,0.0010535517414578255,0.0011416195340885338,0.001014410500291607,0.001141619534089644,54.83787255480418,54.837872554797876,57.12199718139841,52.38757950231326,0.0009048150250166697,0.0009495338930525809,1.534525,0.5345249999999999,0,False,False,-0.0001205439464134761,0,0
2021-11-22 13:34:00,153.4405,153.4405,153.4215,153.43099999999998,0.0009132956272697168,0.0009132956272697168,0.0009752692591211698,0.0008513219954220386,0.00097526925912228,49.997327986210685,49.997327986204134,52.417600270507435,52.90688253084917,0.0009155788663380404,0.0009531544578606787,1.5343099999999998,0.5343099999999998,0,False,False,-0.00014010850263113106,0,0
2021-11-22 13:35:00,153.4255,153.4255,153.4185,153.4185,0.0008317513748348215,0.0008317513748348215,0.0008774161561995175,0.0008317513748374861,0.0008774161562006277,47.364053406142645,47.364053406134964,48.68069069617667,53.20714737034374,0.0009152526893282831,0.0009556986385366351,1.534185,0.5341849999999999,0,False,False,-8.146984638035537e-05,0,0
2021-11-22 13:36:00,153.4145,153.4145,153.4075,153.40800000000002,0.0007632542027895539,0.0007632542027895539,0.0008056572140568985,0.000759992432694867,0.0008056572140580087,45.19780579911633,45.19780579910696,46.280929602629485,52.307426747853235,0.0009129694502600927,0.0009577535536979842,1.53408,0.5340800000000001,0,False,False,-6.844024677588045e-05,0,0
2021-11-22 13:37:00,153.40949999999998,153.437,153.40949999999998,153.43400000000003,0.0009328662478542693,0.0009328662478542693,0.00095243686843971,0.0007730395130844947,0.0007730395130838286,51.186662131298995,51.18666213129058,48.19223396520766,51.70584301465387,0.0009305830087860345,0.0009617002955158238,1.5343400000000003,0.5343400000000003,0,False,False,0.0001694826866918131,0,0
2021-11-22 13:38:00,153.442,153.447,153.4365,153.447,0.001017672270386294,0.001017672270386294,0.0010176722703874042,0.0009491750983441349,0.0009850545694147783,53.91464118459011,53.91464118457766,52.550651657944556,51.70064069573652,0.0009602651166723097,0.0009646685063044425,1.53447,0.53447,0,False,False,8.472698358885644e-05,0,0
2021-11-22 13:39:00,153.4325,153.4365,153.4105,153.4105,0.000779563053276533,0.000779563053276533,0.0009491750983419145,0.0007795630532796416,0.0009230809375642135,46.08142605098793,46.0814260509811,49.99803361778902,49.797112730450124,0.0009481965673119319,0.0009642770938927469,1.534105,0.534105,0,False,False,-0.00023786714631102157,0,0
2021-11-22 13:40:00,153.425,153.43,153.411,153.4195,0.0008382749150295243,0.0008382749150295243,0.0009067720870759022,0.000782824823376993,0.0008741543861032763,48.095833450561784,48.095833450553386,47.08862975077486,48.83396428698693,0.0009292783007470052,0.0009625483557411152,1.534195,0.534195,0,False,False,5.866612780724978e-05,0,0
2021-11-22 13:41:00,153.41000000000005,153.41000000000005,153.3905,153.39499999999998,0.0006784481802568632,0.0006784481802568632,0.0007763012831802918,0.0006490922493838092,0.0007763012831816241,43.322635349982775,43.32263534997188,45.70923440027228,47.880436767525794,0.0008982914848217005,0.000959058261736887,1.53395,0.5339499999999999,0,False,False,-0.0001596928682470189,0,0
2021-11-22 13:42:00,153.38600000000002,153.3935,153.382,153.382,0.0005936421577246165,0.0005936421577246165,0.0006686628699659192,0.0005936421577281692,0.0006197363185063143,40.98454394617054,40.98454394615801,42.15358964807666,46.969078273244065,0.0008402319770880017,0.0009538068118800647,1.53382,0.53382,0,False,False,-8.474852504958275e-05,0,0
2021-11-22 13:43:00,153.3735,153.3845,153.3735,153.3845,0.0006099510082115955,0.0006099510082115955,0.0006099510082129278,0.0005381920660725292,0.000538192066071419,41.6407124225116,41.64071242249959,41.312628184341065,46.46092207658624,0.0007958719037633788,0.0009495665107534345,1.5338450000000001,0.5338450000000001,0,False,False,1.6299174609768485e-05,0,0
2021-11-22 13:44:00,153.3835,153.38600000000002,153.3815,153.3815,0.000590380387627043,0.000590380387627043,0.0006197363185054261,0.0005903803876308178,0.0006034274680193352,41.047406519394976,41.04740651938081,41.34405947095328,45.01245698917138,0.0007635803797991115,0.0009468266238716061,1.533815,0.5338149999999999,0,False,False,-1.95586907413281e-05,0,0
2021-11-22 13:45:00,153.3775,153.414,153.3775,153.414,0.0008023954439577707,0.0008023954439577707,0.000802395443959325,0.0005642862268517845,0.0005642862268504523,49.49310214129357,49.49310214127898,45.27025433034427,44.380808554414735,0.0007606447867114063,0.0009461416521511357,1.5341399999999998,0.5341399999999998,0,False,False,0.00021188996065357735,0,0
2021-11-22 13:46:00,153.433,153.433,153.4285,153.4285,0.0008969867767822937,0.0008969867767822937,0.0009263427076604547,0.0008969867767862905,0.0009263427076613429,52.76389708486654,52.76389708484773,51.12849961308005,45.335447273540254,0.0007740180441106803,0.0009460437990481952,1.5342850000000001,0.5342850000000001,0,False,False,9.451549402283987e-05,0,0
2021-11-22 13:47:00,153.42399999999998,153.45350000000002,153.42399999999998,153.45350000000002,0.0010600752816520842,0.0010600752816520842,0.0010600752816538606,0.0008676308459094617,0.0008676308459081294,57.860974433933066,57.86097443391427,55.312435759399804,46.73046741402187,0.0007867389474904618,0.0009475442132929812,1.5345350000000002,0.5345350000000002,0,False,False,0.0001629423477385039,0,0
2021-11-22 13:48:00,153.4395,153.45100000000002,153.4395,153.44099999999997,0.0009785310292169669,0.0009785310292169669,0.0010437664311668815,0.0009687457189289095,0.0009687457189275772,54.66579714907125,54.66579714905676,56.26338579150216,48.35091909960594,0.0007828248233735291,0.000947642066395884,1.5344099999999998,0.5344099999999998,0,False,False,-8.145790092795036e-05,0,0
2021-11-22 13:49:00,153.4445,153.4445,153.437,153.4405,0.0009752692591196155,0.0009752692591196155,0.0010013634199006471,0.0009524368684419304,0.0010013634199015353,54.535297602776254,54.535297602760494,54.60054737592375,50.28674105054961,0.0008023954439578373,0.0009492729514445641,1.5344049999999998,0.5344049999999998,0,False,False,-3.2585814742081e-06,0,0
2021-11-22 13:50:00,153.4425,153.4485,153.4425,153.44799999999998,0.0010241958105803306,0.0010241958105803306,0.0010274575806796804,0.00098831633951324,0.0009883163395119077,56.23312004331992,56.233120043298605,55.384208823048084,52.37137071066508,0.000820987533512918,0.0009521759268312269,1.5344799999999998,0.5344799999999998,0,False,False,4.887888139037955e-05,0,0
2021-11-22 13:51:00,153.47199999999998,153.498,153.47199999999998,153.498,0.0013503728203199117,0.0013503728203199117,0.00135037282032191,0.0011807607752594151,0.0011807607752580829,65.52987901832441,65.52987901830603,60.88149953082216,55.86886678194072,0.0008881799975192228,0.0009590908794376873,1.53498,0.53498,0,False,False,0.0003258432824149171,0,0
2021-11-22 13:52:00,153.4955,153.4955,153.46499999999995,153.46499999999995,0.0011350959938913885,0.0011350959938913885,0.001334063969834931,0.0011350959938956073,0.0013340639698358192,56.889649421269034,56.889649421248706,61.209764219796725,56.92551639336578,0.0009423253811359,0.0009631028566574606,1.5346499999999994,0.5346499999999994,0,False,False,-0.00021498651448259576,0,0
2021-11-22 13:53:00,153.4655,153.469,153.4605,153.4605,0.0011057400630152259,0.0011057400630152259,0.0011611901546728642,0.0011057400630194447,0.0011383577639920706,55.80271847555321,55.80271847553606,56.346183948411124,57.35963373489245,0.000991904286616263,0.0009674736285879538,1.534605,0.534605,0,False,False,-2.9322646857288248e-05,0,0
2021-11-22 13:54:00,153.45,153.4595,153.45,153.4595,0.001099216522820523,0.001099216522820523,0.0010992165228222994,0.001037242890974177,0.0010372428909728448,55.54722450691961,55.54722450690723,55.67497149123641,57.02909803103339,0.0010427879001356111,0.0009714203704057866,1.534595,0.5345949999999999,0,False,False,-6.5163348222929685e-06,0,0
2021-11-22 13:55:00,153.4615,153.4655,153.45350000000002,153.45350000000002,0.0010600752816518622,0.0010600752816518622,0.0011383577639911824,0.001060075281656081,0.0011122636032130373,53.941892618422706,53.94189261840671,54.74455856267116,56.925683098083596,0.0010685558839050203,0.0009752366414197256,1.5345350000000002,0.5345350000000002,0,False,False,-3.909826371106817e-05,0,0
2021-11-22 13:56:00,153.45100000000002,153.4675,153.43349999999998,153.43349999999998,0.0009296044777558077,0.0009296044777558077,0.00115140484438081,0.0009296044777600265,0.0010437664311677697,48.84438412056879,48.84438412055518,51.393138369495745,56.11269545776825,0.0010718176540023717,0.0009803576204726182,1.5343349999999998,0.5343349999999998,0,False,False,-0.0001303326414844319,0,0
2021-11-22 13:57:00,153.421,153.45499999999998,153.4185,153.45499999999998,0.0010698605919439164,0.0010698605919439164,0.0010698605919456927,0.0008317513748381522,0.000848060225323799,53.91606484398601,53.91606484397624,51.3802244822774,55.78168757214912,0.0010727961850315547,0.0009850219517118775,1.5345499999999999,0.5345499999999999,0,False,False,0.00014012585256817367,0,0
2021-11-22 13:58:00,153.447,153.4625,153.447,153.449,0.0010307193507752554,0.0010307193507752554,0.0011187871434066299,0.0010176722703898466,0.0010176722703885144,52.34705475426693,52.347054754253726,53.131559799126464,53.89842696299804,0.0010780150171873838,0.0009879575447995159,1.5344900000000001,0.5344900000000001,0,False,False,-3.909941025037611e-05,0,0
2021-11-22 13:59:00,153.4515,153.4515,153.44600000000003,153.44600000000003,0.001011148730190925,0.001011148730190925,0.0010470282012637888,0.0010111487301951438,0.001047028201265121,51.534711627556234,51.53471162754135,51.94088319091158,53.1334358496105,0.0010816029642945145,0.0009896862829511166,1.5344600000000002,0.5344600000000002,0,False,False,-1.9550469537055193e-05,0,0
2021-11-22 14:00:00,153.4565,153.4565,153.4235,153.4235,0.0008643690758078915,0.0008643690758078915,0.001079645902237747,0.0008643690758121103,0.0010796459022390792,45.76441022840254,45.764410228390375,48.64956092797939,51.69939181430326,0.0010656202908172706,0.0009912193148968718,1.5342349999999998,0.5342349999999998,0,False,False,-0.00014663138824100308,0,0
2021-11-22 14:01:00,153.416,153.4335,153.4095,153.4335,0.0009296044777558077,0.0009296044777558077,0.000929604477757584,0.0007730395130851608,0.0008154425243498409,48.5387434502278,48.538743450210966,47.15157683931517,50.698180234775855,0.0010235434565608603,0.000993404700862106,1.534335,0.534335,0,False,False,6.517906318137534e-05,0,0
2021-11-22 14:02:00,153.4235,153.4235,153.41899999999998,153.41899999999998,0.0008350131449310627,0.0008350131449310627,0.0008643690758096678,0.0008350131449355036,0.000864369075810778,44.92857852741344,44.92857852739449,46.73366098882062,49.41056393606025,0.0009935351716648278,0.0009948072620039605,1.5341899999999997,0.5341899999999997,0,False,False,-9.450348196471392e-05,0,0
2021-11-22 14:03:00,153.413,153.413,153.4015,153.4015,0.0007208511915222093,0.0007208511915222093,0.0007958719037644002,0.0007208511915266502,0.0007958719037655104,40.946686922562066,40.946686922541694,42.93763272498775,48.282321479202146,0.0009550462845155261,0.000993633024768874,1.534015,0.5340149999999999,0,False,False,-0.00011406670620972559,0,0
2021-11-22 14:04:00,153.4085,153.41199999999998,153.399,153.399,0.0007045423410352303,0.0007045423410352303,0.0007893483635692533,0.0007045423410396712,0.0007665159728889037,40.39265697246082,40.39265697244029,40.669671947511446,46.35040606898427,0.0009155788663369968,0.0009917411981123613,1.53399,0.53399,0,False,False,-1.629710270101281e-05,0,0
2021-11-22 14:05:00,153.413,153.413,153.413,153.413,0.0007958719037621798,0.0007958719037621798,0.0007958719037644002,0.0007958719037668427,0.0007958719037655104,44.91436935162295,44.91436935159431,42.65351316204189,45.288593868606554,0.0008891585285480286,0.0009902081661665597,1.5341300000000002,0.5341300000000002,0,False,False,9.126526248537381e-05,0,0
2021-11-22 14:06:00,153.4095,153.4105,153.3865,153.3865,0.000622998088600113,0.000622998088600113,0.0007795630532774211,0.0006229980886047759,0.0007730395130836065,38.86823330037664,38.86823330034871,41.89130132599979,43.47909696472375,0.0008584978896324591,0.0009843369799912205,1.533865,0.533865,0,False,False,-0.00017273633916292663,0,0
2021-11-22 14:07:00,153.385,153.39749999999998,153.385,153.39749999999998,0.000694757030742732,0.000694757030742732,0.0006947570307449524,0.0006132127783124997,0.0006132127783109453,42.357577042103756,42.357577042082994,40.6129051712402,42.99240650953821,0.0008209875335123407,0.000979737884153864,1.5339749999999999,0.5339749999999999,0,False,False,7.171426429297689e-05,0,0
2021-11-22 14:08:00,153.3825,153.39299999999997,153.3825,153.3865,0.000622998088600113,0.000622998088600113,0.0006654010998683457,0.0005969039278255206,0.0005969039278239663,39.89089755574468,39.89089755572141,41.124237298924214,41.75699995318348,0.0007802154072948265,0.0009749104644096928,1.533865,0.533865,0,False,False,-7.170912172604904e-05,0,0
2021-11-22 14:09:00,153.38600000000002,153.38600000000002,153.3555,153.3595,0.00044686250334047273,0.00044686250334047273,0.000619736318505204,0.0004207683425661024,0.0006197363185060922,34.54202135533029,34.542021355306844,37.21645945553749,40.27320607145732,0.0007237867846097811,0.0009683543065139011,1.533595,0.533595,0,False,False,-0.00017602592144694285,0,0
2021-11-22 14:10:00,153.36,153.372,153.36,153.36450000000002,0.00047948020431443084,0.00047948020431443084,0.0005284067557780325,0.00045012427344293116,0.00045012427344137684,36.25673417558605,36.256734175554676,35.39937776545817,39.60321282188931,0.0006852978974604351,0.0009619938548239526,1.5336450000000001,0.5336450000000001,0,False,False,3.26031318569342e-05,0,0
2021-11-22 14:11:00,153.373,153.373,153.351,153.351,0.0003914124116846107,0.0003914124116846107,0.0005349302959727353,0.00039141241168971774,0.0005349302959736235,33.67637582798936,33.67637582796095,34.966555001787704,38.64374408696482,0.0006314786908533154,0.0009542634596930944,1.53351,0.5335099999999999,0,False,False,-8.802558610387923e-05,0,0
2021-11-22 14:12:00,153.3515,153.3515,153.344,153.344,0.00034574763032102496,0.00034574763032102496,0.00039467418178462665,0.000345747630326132,0.00039467418178551483,32.38182519271459,32.381825192687145,33.029100510351974,36.8533806356922,0.0005825521393923117,0.000945293591925227,1.53344,0.5334399999999999,0,False,False,-4.564691459463255e-05,0,0
2021-11-22 14:13:00,153.3515,153.373,153.3515,153.35899999999998,0.0004436007332428993,0.0004436007332428993,0.0005349302959727353,0.0003946741817868471,0.00039467418178551483,37.921569831721385,37.921569831699934,35.151697512217986,36.718142997312874,0.0005548270935643807,0.0009370413135787859,1.5335899999999998,0.5335899999999998,0,False,False,9.78192821368129e-05,0,0
2021-11-22 14:14:00,153.35399999999998,153.35399999999998,153.349,153.349,0.00037836533129498306,0.00037836533129498306,0.0004109830322716057,0.00037836533129986805,0.0004109830322724939,35.80312073825439,35.80312073823279,36.86234528498789,35.78179209676296,0.0005222093925903559,0.0009282019166148148,1.5334899999999998,0.5334899999999998,0,False,False,-6.520647630714471e-05,0,0
2021-11-22 14:15:00,153.353,153.3535,153.34,153.34,0.0003196534695419917,0.0003196534695419917,0.0004077212621742543,0.0003196534695468767,0.00040445949207801313,33.95374957388407,33.953749573865366,34.87843515606923,34.9336280993543,0.0004745875491683371,0.0009182535178177309,1.5334,0.5334000000000001,0,False,False,-5.86896556220573e-05,0,0
2021-11-22 14:16:00,153.337,153.33999999999995,153.333,153.333,0.00027398868817840594,0.00027398868817840594,0.00031965346954421214,0.0002739886881832909,0.00030008284896121395,32.537608670102955,32.537608670084964,33.24567912199351,34.64728343003611,0.0004396866091261664,0.0009080441774128545,1.53333,0.5333300000000001,0,False,False,-4.565018912228158e-05,0,0
2021-11-22 14:17:00,153.31099999999998,153.316,153.31099999999998,153.316,0.00016308850486690396,0.00016308850486690396,0.0001630885048695685,0.00013047080389783083,0.00013047080389649857,29.320250641182312,29.32025064116489,30.928929655642634,33.65635721083558,0.0003865197565385836,0.0008967584528758388,1.53316,0.5331600000000001,0,False,False,-0.00011086980623864484,0,0
2021-11-22 14:18:00,153.324,153.336,153.324,153.336,0.0002935593087627364,0.0002935593087627364,0.00029355930876540093,0.00021527682643029955,0.00021527682642896728,37.230749690168686,37.23074969014775,33.275500165675496,34.16412490543263,0.00035357587855484597,0.0008856358168436906,1.53336,0.5333600000000001,0,False,False,0.00013044952907725893,0,0
2021-11-22 14:19:00,153.3185,153.3275,153.317,153.3275,0.00023810921710687438,0.00023810921710687438,0.00023810921710953892,0.0001696120450667138,0.00017939735535743573,35.40626575776095,35.40626575774256,36.318507723964814,34.59618784329639,0.0003327005499314861,0.0008731758550716085,1.533275,0.5332749999999999,0,False,False,-5.5433818542449664e-05,0,0
2021-11-22 14:20:00,153.33499999999998,153.33499999999998,153.30200000000002,153.3055,9.45913328214143e-05,9.45913328214143e-05,0.0002870357685704761,7.175894214483947e-05,0.0002870357685715863,31.128973524941642,31.128973524923353,33.267619641351295,33.62581694232786,0.00029421166278218445,0.0008591502436527754,1.533055,0.5330550000000001,0,False,False,-0.00014348371948924576,0,0
2021-11-22 14:21:00,153.3135,153.3355,153.3135,153.3355,0.00029029753866516295,0.00029029753866516295,0.0002902975386678275,0.0001467796543848099,0.00014677965438369966,41.55862719814359,41.55862719812593,36.34380036154262,34.448032150883456,0.0002841001754802397,0.0008475709598069892,1.533355,0.533355,0,False,False,0.00019568769548383713,0,0
2021-11-22 14:22:00,153.3615,153.3615,153.353,153.353,0.0004044594920740163,0.0004044594920740163,0.00045990958373254287,0.00040445949207912335,0.00045990958373387514,46.662983165278085,46.662983165257856,44.11080518171084,36.26363694965403,0.00028997136165553883,0.0008380139734215875,1.53353,0.5335300000000001,0,False,False,0.00011412882209271835,0,0
2021-11-22 14:23:00,153.348,153.348,153.3075,153.3075,0.0001076384132108199,0.0001076384132108199,0.0003718417911029448,0.00010763841321592693,0.00037184179110427706,37.449871574320014,37.44987157430067,42.05642736979905,36.96538879311361,0.0002563751296523309,0.0008260758948650859,1.533075,0.533075,0,False,False,-0.00029670107529689016,0,0
2021-11-22 14:24:00,153.325,153.3415,153.325,153.3415,0.0003294387798336018,0.0003294387798336018,0.00032943877983671044,0.0002218003666247803,0.00022180036662389213,46.069660178943494,46.06966017892287,41.759765876631754,39.358161584222344,0.0002514824745061928,0.0008171712624991612,1.533415,0.533415,0,False,False,0.00022177649495280782,0,0
2021-11-22 14:25:00,153.3495,153.3495,153.315,153.315,0.00015656496467153502,0.00015656496467153502,0.000381627101394999,0.0001565649646768641,0.00038162710139633127,41.26780713485238,41.2678071348319,43.66873365689794,39.934884076320024,0.0002351736240191471,0.0008061138618689557,1.53315,0.53315,0,False,False,-0.00017281688257908545,0,0
2021-11-22 14:26:00,153.315,153.315,153.3025,153.3025,7.502071223663975e-05,7.502071223663975e-05,0.00015656496467464365,7.502071224196882e-05,0.00015656496467597592,39.1809393030811,39.18093930306014,40.22437321896674,40.4741231542229,0.00021527682642497048,0.0007930341637783655,1.533025,0.5330250000000001,0,False,False,-8.153148746037342e-05,0,0
2021-11-22 14:27:00,153.3225,153.3225,153.3015,153.3015,6.84971720417149e-05,6.84971720417149e-05,0.0002054915161355808,6.849717204704397e-05,0.00020549151613691308,39.00997269637542,39.00997269635193,39.09545599972826,41.599980178713444,0.00020581769314245157,0.0007764317539825871,1.533015,0.533015,0,False,False,-6.523050830931076e-06,0,0
2021-11-22 14:28:00,153.303,153.303,153.28300000000002,153.28300000000002,-5.21883215619523e-05,-5.21883215619523e-05,7.828248233709978e-05,-5.218832155662323e-05,7.828248233843205e-05,35.87281904441619,35.872819044393054,37.44139587039581,40.7877218710381,0.0001712429301099827,0.0007563718678835684,1.5328300000000001,0.5328300000000001,0,False,False,-0.0001206772275548218,0,0
2021-11-22 14:29:00,153.293,153.30700000000002,153.293,153.30700000000002,0.00010437664311324646,0.00010437664311324646,0.00010437664311635508,1.3047080391404009e-05,1.304708039051583e-05,42.384607563992304,42.38460756397701,39.12871330420425,40.176525356568696,0.00015786967271061992,0.0007386604562546772,1.5330700000000002,0.5330700000000002,0,False,False,0.00015657313596428857,0,0
2021-11-22 14:30:00,153.305,153.3215,153.303,153.3215,0.00019896797593754734,0.00019896797593754734,0.00019896797594065596,7.828248233932023e-05,9.13295627280597e-05,45.975231490278915,45.97523149026396,44.17991952713561,41.3944339159914,0.00016830733702223323,0.0007212426039345476,1.5332149999999998,0.5332149999999998,0,False,False,9.458146072893747e-05,0,0
2021-11-22 14:31:00,153.3215,153.3425,153.3215,153.3375,0.0003033446190543465,0.0003033446190543465,0.00033596232003141324,0.0001989679759428764,0.00019896797594198823,49.72092920283239,49.720929202817345,47.84808034655565,41.91604377654695,0.00016961204506115156,0.0007119465591569362,1.5333750000000002,0.5333750000000002,0,False,False,0.00010435587963875115,0,0
2021-11-22 14:32:00,153.346,153.3745,153.346,153.3745,0.000544715606261903,0.000544715606261903,0.0005447156062647895,0.00035879471071531555,0.00035879471071442737,57.16167021827718,57.16167021826803,53.44129971055479,44.186595645607646,0.00018363765647994024,0.0007087500244614608,1.5337450000000001,0.5337450000000001,0,False,False,0.00024129779082104896,0,0
2021-11-22 14:33:00,153.382,153.4175,153.382,153.4175,0.0008252278346378983,0.0008252278346378983,0.0008252278346407849,0.0005936421577279472,0.000593642157727059,63.889712729239264,63.88971272923104,60.52569147375822,47.71642042077309,0.00025539659862264805,0.0007127620016812297,1.5341749999999998,0.5341749999999998,0,False,False,0.00028035951217431077,0,0
2021-11-22 14:34:00,153.37900000000002,153.37900000000002,153.3505,153.3505,0.00038815064158703727,0.00038815064158703727,0.0005740715371413962,0.00038815064159192225,0.0005740715371427285,50.501345903650105,50.501345903649124,57.195529316444684,49.35804516466948,0.0002612677847979916,0.0007125010600734105,1.5335050000000001,0.5335050000000001,0,False,False,-0.00043671680218992925,0,0
2021-11-22 14:35:00,153.3495,153.3855,153.3495,153.3855,0.000616474548404744,0.000616474548404744,0.0006164745484074086,0.00038162710139721945,0.0003816271013961092,55.74910699198356,55.74910699198163,53.12522644781683,52.19751487146481,0.0003072587431713125,0.0007132512671957835,1.533855,0.533855,0,False,False,0.0002282353171330076,0,0
2021-11-22 14:36:00,153.3915,153.3915,153.3895,153.3895,0.0006425687091837773,0.0006425687091837773,0.0006556157895762915,0.0006425687091888843,0.0006556157895774017,56.32242194151291,56.32242194150926,56.03576446674823,54.18863121111061,0.0003640135428660263,0.0007172632444155546,1.533895,0.533895,0,False,False,2.607808430377112e-05,0,0
2021-11-22 14:37:00,153.3935,153.4065,153.3935,153.4005,0.0007143276513266184,0.0007143276513266184,0.0007534688924981658,0.0006686628699679176,0.0006686628699668073,57.94564068208768,57.94564068208728,57.13403131180029,55.898689667083296,0.0004285965907945166,0.0007218623402528579,1.5340049999999998,0.5340049999999998,0,False,False,7.171286170182256e-05,0,0
2021-11-22 14:38:00,153.417,153.417,153.3885,153.3885,0.0006360451689890745,0.0006360451689890745,0.0008219660645434335,0.0006360451689939595,0.0008219660645445437,55.50770395442249,55.50770395442165,56.72667231825508,56.725371774453315,0.0004974199398496193,0.0007241455793210083,1.533885,0.5338849999999999,0,False,False,-7.822660291201267e-05,0,0
2021-11-22 14:39:00,153.39100000000002,153.3945,153.3905,153.3945,0.0006751864101577354,0.0006751864101577354,0.0006751864101603999,0.0006490922493835871,0.0006523540194800503,56.499066146112646,56.499066146109264,56.00338505026757,56.63071404985838,0.0005545009165540682,0.0007235584607034496,1.533945,0.5339449999999999,0,False,False,3.911636139597441e-05,0,0
2021-11-22 14:40:00,153.38549999999998,153.39249999999998,153.38150000000002,153.39249999999998,0.0006621393297681077,0.0006621393297681077,0.0006621393297707723,0.0005903803876305957,0.0006164745484082967,56.048094500050944,56.048094500048336,56.273580323081795,55.51048287426005,0.0006008180519371242,0.0007243086678258248,1.5339249999999998,0.5339249999999998,0,False,False,-1.3038277122068287e-05,0,0
2021-11-22 14:41:00,153.3975,153.4285,153.3975,153.41899999999998,0.0008350131449301745,0.0008350131449301745,0.0008969867767836259,0.0006947570307473949,0.0006947570307460627,60.56618333031427,60.56618333031314,58.307138915182605,56.94831679235493,0.000653984904524707,0.0007266571422959267,1.5341899999999997,0.5341899999999997,0,False,False,0.0001727594243525754,0,0
2021-11-22 14:42:00,153.4205,153.4405,153.4205,153.4405,0.0009752692591182832,0.0009752692591182832,0.0009752692591209478,0.0008447984552275578,0.0008447984552262255,63.83382433099907,63.83382433099858,62.20000383065667,58.10327641221429,0.0006970402698103451,0.0007295927353835607,1.5344049999999998,0.5344049999999998,0,False,False,0.00014013909620058662,0,0
2021-11-22 14:43:00,153.433,153.4445,153.433,153.433,0.000926342707657346,0.000926342707657346,0.001001363419900203,0.0009263427076624531,0.0009263427076611208,61.8955733014968,61.895573301495226,62.86469881624794,58.89944089221199,0.0007071517571122898,0.0007308974434224947,1.53433,0.53433,0,False,False,-4.887888139049057e-05,0,0
2021-11-22 14:44:00,153.4335,153.4405,153.4315,153.4405,0.0009752692591182832,0.0009752692591182832,0.0009752692591209478,0.0009165573973701768,0.0009296044777586943,63.1090761409403,63.10907614093944,62.50232472121856,59.63707452919093,0.0007658636188654144,0.0007327566523779894,1.5344049999999998,0.5344049999999998,0,False,False,4.8881270652278985e-05,0,0
2021-11-22 14:45:00,153.4315,153.449,153.4315,153.449,0.0010307193507741452,0.0010307193507741452,0.0010307193507768098,0.0009165573973701768,0.0009165573973690666,64.49726004674014,64.49726004673792,63.80316809384023,60.92129682809345,0.0008072880991023546,0.0007337351834071859,1.5344900000000001,0.5344900000000001,0,False,False,5.539606557602994e-05,0,0
2021-11-22 14:46:00,153.4315,153.44099999999997,153.4315,153.44099999999997,0.0009785310292156346,0.0009785310292156346,0.0009785310292182992,0.0009165573973701768,0.0009165573973690666,62.11411253168516,62.11411253168687,63.30568628921266,61.72344631174667,0.0008408843311055403,0.0007321042983584636,1.5344099999999998,0.5344099999999998,0,False,False,-5.2134585432517255e-05,0,0
2021-11-22 14:47:00,153.452,153.4845,153.452,153.46300000000002,0.0011220489135013167,0.0011220489135013167,0.00126230502769209,0.0010502899713633607,0.0010502899713622504,65.87099873012869,65.87099873012828,63.992555630906935,63.126718344614915,0.0008816564573230102,0.0007319085921525981,1.5346300000000002,0.5346300000000002,0,False,False,0.00014337758487004137,0,0
2021-11-22 14:48:00,153.4725,153.47899999999998,153.4725,153.47899999999998,0.0012264255566178939,0.0012264255566178939,0.0012264255566207805,0.0011840225453565445,0.0011840225453554343,68.34422015428422,68.34422015428677,67.10760944220647,64.2378664623249,0.000940694496085892,0.0007335720949022495,1.5347899999999999,0.5347899999999999,0,False,False,0.00010425965867977283,0,0
2021-11-22 14:49:00,153.47050000000002,153.4865,153.4625,153.4785,0.0012231637865205425,0.0012231637865205425,0.0012753521080819397,0.0011187871434086283,0.0011709754649660287,68.17696127264169,68.17696127264261,68.26059071346296,64.85831459684529,0.0009954922337221729,0.0007350725091470289,1.534785,0.5347850000000001,0,False,False,-3.25777467924393e-06,0,0
2021-11-22 14:50:00,153.522,153.522,153.4805,153.4805,0.0012362108669101701,0.0012362108669101701,0.0015069377849969978,0.001236210866915055,0.001506937784997664,68.510902247748,68.51090224774836,68.34393176019486,65.80336158916688,0.001052899387436379,0.0007361162755781747,1.534805,0.534805,0,False,False,1.3031141169683735e-05,0,0
2021-11-22 14:51:00,153.4695,153.481,153.4695,153.481,0.0012394726370075215,0.0012394726370075215,0.0012394726370106302,0.001164451924772436,0.0011644519247711038,68.60014189892371,68.60014189892495,68.55552207333588,66.58779955459309,0.0010933453366441138,0.0007363445994849715,1.53481,0.53481,0,False,False,3.2577428401570074e-06,0,0
2021-11-22 14:52:00,153.483,153.4885,153.4715,153.4715,0.0011774990051569567,0.0011774990051569567,0.0012883991884713453,0.0011774990051618417,0.001252519717400924,64.81906001297014,64.81906001297091,66.70960095594694,66.63377097834022,0.001113568311247981,0.0007375188367200136,1.5347149999999998,0.5347149999999998,0,False,False,-6.189691232139083e-05,0,0
2021-11-22 14:53:00,153.4645,153.4685,153.46300000000002,153.46300000000002,0.0011220489135015388,0.0011220489135015388,0.0011579283845757349,0.0011220489135064238,0.0011318342237971457,61.5316989845244,61.53169898453244,63.17537949874728,66.55056904303154,0.0011331389318324004,0.0007392801925725901,1.5346300000000002,0.5346300000000002,0,False,False,-5.538487601908226e-05,0,0
2021-11-22 14:54:00,153.4735,153.48250000000002,153.4735,153.48250000000002,0.0012492579472997978,0.0012492579472997978,0.0012492579473029064,0.0011905460855516914,0.0011905460855503591,65.83765984670765,65.83765984670993,63.68467941561604,66.54580634539998,0.0011605378006505518,0.0007437814353069749,1.534825,0.5348250000000001,0,False,False,0.0001270664590160564,0,0
2021-11-22 14:55:00,153.476,153.51,153.476,153.51,0.0014286553026565674,0.0014286553026565674,0.001428655302659676,0.0012068549360386704,0.0012068549360373382,70.82665899264039,70.82665899264593,68.33215941967404,66.90044046516515,0.001200331395838794,0.0007490655028647352,1.5351,0.5350999999999999,0,False,False,0.00017917352141116893,0,0
2021-11-22 14:56:00,153.4785,153.493,153.4755,153.493,0.0013177551193450654,0.0013177551193450654,0.001317755119348174,0.001203593165941319,0.0012231637865243172,64.516835533109,64.51683553311145,67.6717472628747,66.37756535951762,0.0012342538048517372,0.00075193586055042,1.53493,0.5349299999999999,0,False,False,-0.00011074197120708451,0,0
2021-11-22 14:57:00,153.5085,153.5085,153.4735,153.4735,0.0011905460855465844,0.0011905460855465844,0.0014188699923676218,0.0011905460855516914,0.0014188699923680659,58.08636905514406,58.086369055143656,61.301602294126546,64.88834633200277,0.0012411035220562638,0.000753697216402992,1.534735,0.534735,0,False,False,-0.00012704162404797437,0,0
2021-11-22 14:58:00,153.4815,153.4815,153.47500000000002,153.481,0.0012394726370075215,0.0012394726370075215,0.0012427344071082036,0.0012003313958439676,0.0012427344071086477,59.757620632217076,59.757620632217716,58.92199484368058,63.625129008187535,0.0012424082300952267,0.0007592096078675692,1.53481,0.53481,0,False,False,4.8868371412602585e-05,0,0
2021-11-22 14:59:00,153.4765,153.491,153.4765,153.489,0.0012916609585660321,0.0012916609585660321,0.0013047080389587684,0.0012101167061360218,0.0012101167061344675,61.530167278032344,61.53016727803615,60.643893955124724,63.1552871889107,0.0012492579472997757,0.0007637434683029299,1.53489,0.5348900000000001,0,False,False,5.212371563922957e-05,0,0
2021-11-22 15:00:00,153.48149999999998,153.48149999999998,153.3945,153.4385,0.0009622221787288776,0.0009622221787288776,0.0012427344071079816,0.0006751864101630645,0.0012427344071084256,47.28667973466892,47.28667973467,54.408423506350644,61.12028443893136,0.0012218590784816464,0.0007647219993321285,1.534385,0.5343850000000001,0,False,False,-0.0003290138055496161,0,0
2021-11-22 15:01:00,153.45350000000002,153.6035,153.45350000000002,153.6035,0.0020386063108697172,0.0020386063108697172,0.002038606310872826,0.001060075281656081,0.0010600752816545267,71.02669382902224,71.02669382902067,59.15668678184559,61.86157500783344,0.001301772445867866,0.000775551076055464,1.536035,0.536035,0,False,False,0.0010753494070914194,0,0
2021-11-22 15:02:00,153.582,153.598,153.565,153.565,0.0017874500133703286,0.0017874500133703286,0.0020027268398015163,0.0017874500133752136,0.0018983501966851613,63.767342578797155,63.76734257880016,67.39701820390971,60.85310123442726,0.001362767546689203,0.0007856299456563975,1.53565,0.53565,0,False,False,-0.00025064533034724334,0,0
2021-11-22 15:03:00,153.5705,153.66750000000002,153.5705,153.66750000000002,0.002456112883336692,0.002456112883336692,0.0024561128833395784,0.0018233294844467451,0.0018233294844451908,72.01641042915507,72.01641042915648,67.89187650397614,61.924469076719554,0.0014961739436727185,0.0008050700954368606,1.5366750000000002,0.5366750000000002,0,False,False,0.000667469801061582,0,0
2021-11-22 15:04:00,153.69299999999998,153.69400000000002,153.69299999999998,153.69400000000002,0.0026289866984987587,0.0026289866984987587,0.0026289866985016452,0.002622463158308719,0.0026224631583071645,73.69384713580055,73.69384713580237,72.85512878247783,64.15410880252762,0.0016341468187926144,0.000823303390281288,1.5369400000000002,0.5369400000000002,0,False,False,0.00017245025786194468,0,0
2021-11-22 15:05:00,153.704,153.73950000000002,153.6775,153.7065,0.002710530950933654,0.002710530950933654,0.0029258077773648417,0.002521348285289715,0.0026942221004500055,74.47569611187313,74.47569611187541,74.08477162383686,66.25669101390706,0.0017623343836203232,0.0008420585683413007,1.5370650000000001,0.5370650000000001,0,False,False,8.133043580094146e-05,0,0
2021-11-22 15:06:00,153.715,153.715,153.70049999999998,153.70049999999998,0.002671389709764771,0.002671389709764771,0.0027659810425924025,0.002671389709769878,0.0027659810425926246,73.34219286945645,73.34219286946052,73.90894449066481,67.94412324125337,0.0018976978426622937,0.0008609115995042338,1.5370049999999997,0.5370049999999997,0,False,False,-3.9035434415746195e-05,0,0
2021-11-22 15:07:00,153.6735,153.6735,153.6415,153.6415,0.0022865008382721985,0.0022865008382721985,0.0024952541245084614,0.0022865008382773055,0.0024952541245086834,63.109989344322564,63.109989344326756,68.22609110688953,70.20459604263245,0.002007293317934855,0.0008762093012610072,1.536415,0.5364150000000001,0,False,False,-0.000383863422695252,0,0
2021-11-22 15:08:00,153.6445,153.6875,153.6315,153.6875,0.0025865836872327463,0.0025865836872327463,0.002586583687235633,0.0022212654363293893,0.0023060714588596376,66.9987690755477,66.99876907555272,65.05437920993515,69.62917822070752,0.0021420044229573778,0.0008948666262180993,1.536875,0.536875,0,False,False,0.00029939827455471857,0,0
2021-11-22 15:09:00,153.67700000000002,153.71499999999995,153.6685,153.71499999999995,0.002765981042589072,0.002765981042589072,0.0027659810425919584,0.002462636423536946,0.0025180865151905873,69.10783374097325,69.10783374097633,68.0533014082605,70.39210552958983,0.0022894364313596816,0.000913523951175187,1.5371499999999996,0.5371499999999996,0,False,False,0.00017893452622974593,0,0
2021-11-22 15:10:00,153.68900000000002,153.68900000000002,153.687,153.687,0.002583321917135395,0.002583321917135395,0.002596368997527909,0.002583321917140724,0.002596368997527909,64.55700419642903,64.55700419643436,66.83241896870115,69.32647606777182,0.002451546405200333,0.000929082594539753,1.5368700000000002,0.5368700000000002,0,False,False,-0.00018215528738207976,0,0
2021-11-22 15:11:00,153.683,153.6865,153.683,153.6865,0.0025800601470378215,0.0025800601470378215,0.002580060147040708,0.0025572277563614687,0.002557227756359026,64.47486927638553,64.47486927638914,64.5159367364073,68.00947923071253,0.0025056917888171435,0.0009450000326150321,1.536865,0.5368649999999999,0,False,False,-3.253365606803449e-06,0,0
2021-11-22 15:12:00,153.6585,153.70499999999998,153.6585,153.70499999999998,0.0027007456406413777,0.0027007456406413777,0.0027007456406442643,0.0023974010215890296,0.002397401021586587,66.19865123368001,66.19865123368285,65.33676025503279,66.82704424811351,0.0025970213515442487,0.0009602651166708298,1.5370499999999998,0.5370499999999998,0,False,False,0.00012037491907213038,0,0
2021-11-22 15:13:00,153.6825,153.7125,153.6825,153.7125,0.002749672192102537,0.002749672192102537,0.0027496721921054235,0.0025539659862641173,0.002553965986261675,66.90395211013913,66.90395211014291,66.55130167190958,65.90729556821103,0.0026263772824208333,0.000977226321177277,1.537125,0.5371250000000001,0,False,False,4.879476920094383e-05,0,0
2021-11-22 15:14:00,153.7015,153.7015,153.683,153.683,0.0025572277563559176,0.0025572277563559176,0.0026779132499625824,0.0025572277563614687,0.0026779132499628044,61.44106775786122,61.441067757861134,64.17250993400019,65.66887819871656,0.002619201388206549,0.000993665642468139,1.53683,0.5368299999999999,0,False,False,-0.00019191672765728196,0,0
2021-11-22 15:15:00,153.665,153.665,153.6485,153.6485,0.0023321656196357843,0.0023321656196357843,0.0024398040328525994,0.0023321656196413354,0.0024398040328528214,55.68089358558351,55.680893585586055,58.560980671722376,64.05203884300738,0.002581364855076762,0.0010086697849161486,1.536485,0.5364850000000001,0,False,False,-0.00022448806959762813,0,0
2021-11-22 15:16:00,153.642,153.6575,153.6315,153.6575,0.0023908774813887756,0.0023908774813887756,0.0023908774813916622,0.0022212654363298334,0.0022897626083726585,56.82481602291464,56.82481602291604,56.25285480424909,62.29732202614186,0.0025533136322391627,0.0010249460177021409,1.536575,0.536575,0,False,False,5.8575254558101975e-05,0,0
2021-11-22 15:17:00,153.6925,153.73250000000002,153.6925,153.73250000000002,0.0028801429959983693,0.0028801429959983693,0.002880142996001256,0.0026192013882122556,0.002619201388209813,64.98409524690176,64.98409524690294,60.90445563490822,62.358335033352255,0.0026126778480117796,0.0010444187851835819,1.537325,0.537325,0,False,False,0.00048809853082354415,0,0
2021-11-22 15:18:00,153.767,153.7775,153.73149999999998,153.73149999999998,0.0028736194558034445,0.0028736194558034445,0.003173702304766879,0.0028736194558089956,0.0031052051327218333,64.80718962675559,64.80718962675905,64.8956424368287,62.40580936911941,0.0026413814248688492,0.0010629782570377533,1.5373149999999998,0.5373149999999998,0,False,False,-6.504805425189275e-06,0,0
2021-11-22 15:19:00,153.74450000000002,153.74450000000002,153.70999999999998,153.724,0.0028246929043425073,0.0028246929043425073,0.0029584254783387998,0.002733363341620887,0.002958425478339244,63.40476408064867,63.40476408065106,64.10597685370213,62.00668263297207,0.002647252611044193,0.001083429555548413,1.53724,0.5372399999999999,0,False,False,-4.8786358033292565e-05,0,0
2021-11-22 15:20:00,153.726,153.792,153.726,153.792,0.003268293637588515,0.003268293637588515,0.003268293637591402,0.002837739984737686,0.0028377399847354656,69.81967089919875,69.81967089920084,66.61221748992372,62.42321388855202,0.002715749783089505,0.001107729742774003,1.53792,0.53792,0,False,False,0.0004423512268743046,0,0
2021-11-22 15:21:00,153.72500000000002,153.7405,153.712,153.7405,0.002932331317556658,0.002932331317556658,0.0029323313175595445,0.0027464104220105146,0.002831216444540763,61.04066254183227,61.040662541834294,65.43016672051552,62.36601314340503,0.0027509769001413885,0.0011302685741470008,1.537405,0.5374049999999999,0,False,False,-0.0003348678734914623,0,0
2021-11-22 15:22:00,153.7665,153.7665,153.6965,153.7,0.0026681279396674196,0.0026681279396674196,0.00310194336262426,0.0026452955489910668,0.003101943362624482,55.134553912053164,55.13455391205362,58.087608226942734,62.28796461861498,0.002747715130043993,0.001151013431966429,1.537,0.5369999999999999,0,False,False,-0.0002634309111783084,0,0
2021-11-22 15:23:00,153.7425,153.7485,153.7425,153.7485,0.0029845196391149464,0.0029845196391149464,0.002984519639118055,0.0029453783979518366,0.002945378397949394,60.13821366663838,60.13821366663795,57.636383789345786,62.76130713914694,0.002771199874745234,0.0011747591182754624,1.537485,0.537485,0,False,False,0.000315549772283763,0,0
2021-11-22 15:24:00,153.7565,153.7565,153.72899999999998,153.72899999999998,0.0028573106053162434,0.0028573106053162434,0.0030367079606761216,0.0028573106053220165,0.0030367079606763436,57.352214692139675,57.35221469213726,58.74521417938904,61.67103848846664,0.0028012081596412663,0.0011974284204523545,1.5372899999999998,0.5372899999999998,0,False,False,-0.0001268305056636443,0,0
2021-11-22 15:25:00,153.7315,153.7315,153.71300000000002,153.71300000000002,0.0027529339621998883,0.0027529339621998883,0.002873619455806331,0.0027529339622056614,0.002873619455806553,55.083903604560305,55.08390360455993,56.21805914835001,60.281997628153036,0.0028432849938976766,0.0012169338056347756,1.5371300000000003,0.5371300000000003,0,False,False,-0.00010407925635347315,0,0
2021-11-22 15:26:00,153.708,153.708,153.678,153.678,0.0025246100553819595,0.0025246100553819595,0.0027203162612285947,0.0025246100553877326,0.0027203162612288168,50.363506351916435,50.36350635191586,52.72370497823839,58.41896080976271,0.002856658251296995,0.0012332100384207722,1.53678,0.53678,0,False,False,-0.00022769707181580223,0,0
2021-11-22 15:27:00,153.6835,153.6835,153.6835,153.6835,0.002560489526453491,0.002560489526453491,0.0025604895264561556,0.002560489526459264,0.0025604895264563776,51.077216301369354,51.07721630137059,50.72036132664291,55.74146729578708,0.0028246929043425073,0.0012482141808687864,1.5368350000000002,0.5368350000000002,0,False,False,3.5789117505569124e-05,0,0
2021-11-22 15:28:00,153.7015,153.704,153.7015,153.704,0.002694222100446675,0.002694222100446675,0.0026942221004493394,0.002677913249965469,0.0026779132499625824,53.76178775594583,53.76178775594572,52.419502028657604,54.70162804066045,0.0028067531688068304,0.0012653710915810834,1.5370400000000002,0.5370400000000002,0,False,False,0.00013339102766396493,0,0
2021-11-22 15:29:00,153.7535,153.7535,153.752,153.752,0.0030073520297968503,0.0030073520297968503,0.003017137340091569,0.0030073520298026235,0.003017137340091791,59.41138538846545,59.41138538846689,56.586586572205654,55.31260396586221,0.0028250190813522646,0.0012856919192878557,1.53752,0.53752,0,False,False,0.0003122885546245069,0,0
2021-11-22 15:30:00,153.735,153.735,153.728,153.728,0.0028507870651217626,0.0028507870651217626,0.002896451846488013,0.0028507870651275358,0.002896451846488235,55.72342381260729,55.72342381260769,57.56740460053638,54.681919701000616,0.0027832684241055894,0.0013039578318332701,1.53728,0.53728,0,False,False,-0.00015609553046469493,0,0
2021-11-22 15:31:00,153.7515,153.7515,153.7515,153.7515,0.003004090259699277,0.003004090259699277,0.0030040902597019414,0.00300409025970505,0.0030040902597021635,58.45878469919994,58.458784699199846,57.09110425590363,54.84000113058065,0.0027904443183198514,0.0013204950062270637,1.537515,0.537515,0,False,False,0.0001528674021646914,0,0
2021-11-22 15:32:00,153.7425,153.7425,153.739,153.739,0.0029225460072643816,0.0029225460072643816,0.00294537839794895,0.002922546007270155,0.002945378397949172,56.44921637487246,56.449216374871106,57.45400053703621,55.035045812053816,0.0028158861250795475,0.0013383695063607936,1.53739,0.53739,0,False,False,-8.130001983708279e-05,0,0
2021-11-22 15:33:00,153.7575,153.7575,153.7055,153.7055,0.002704007410738729,0.002704007410738729,0.0030432315008708244,0.0027040074107445022,0.0030432315008710464,51.32659402237291,51.32659402237068,53.8879051986227,55.17262976497618,0.0027878349022419256,0.0013543521798380287,1.537055,0.5370550000000001,0,False,False,-0.00021790176858182964,0,0
2021-11-22 15:34:00,153.72699999999998,153.72699999999998,153.6815,153.6815,0.0025474424460636413,0.0025474424460636413,0.0028442635249295023,0.0025474424460694145,0.0028442635249297243,47.94947170884616,47.94947170884337,49.638032865609546,54.72580910890143,0.0027568480863166657,0.0013688344390704599,1.536815,0.536815,0,False,False,-0.00015614275351238938,0,0
2021-11-22 15:35:00,153.72899999999998,153.72899999999998,153.72899999999998,153.72899999999998,0.0028573106053162434,0.0028573106053162434,0.00285731060531913,0.0028573106053220165,0.002857310605319352,54.384640211911965,54.38464021190947,51.167055960379074,54.81478803118231,0.0027672857506283012,0.0013868067923071036,1.5372899999999998,0.5372899999999998,0,False,False,0.00030908079371938513,0,0
2021-11-22 15:36:00,153.7305,153.7305,153.707,153.707,0.0027137927210310053,0.0027137927210310053,0.002867095915611406,0.0027137927210365564,0.0028670959156116282,51.208029312219196,51.20802931222032,52.7963347620656,53.64288002028999,0.0027862040171932057,0.0014046486747398557,1.53707,0.5370699999999999,0,False,False,-0.0001431089774862615,0,0
2021-11-22 15:37:00,153.6715,153.6715,153.64499999999998,153.64499999999998,0.0023093332289538804,0.0023093332289538804,0.0024822070441186117,0.0023093332289594315,0.0024822070441188337,43.45822311306568,43.45822311306882,47.333126212642455,51.89070849178404,0.0027610883874432447,0.0014170434011099554,1.5364499999999999,0.5364499999999999,0,False,False,-0.00040336484350100843,0,0
2021-11-22 15:38:00,153.6595,153.6595,153.656,153.656,0.0023810921710967214,0.0023810921710967214,0.002403924561781068,0.0023810921711022726,0.00240392456178129,45.05642913506953,45.056429135071745,44.25732612406762,49.97608626833685,0.0027297753945082492,0.0014305471293131699,1.5365600000000001,0.5365600000000001,0,False,False,7.159360864350539e-05,0,0
2021-11-22 15:39:00,153.601,153.601,153.5985,153.5985,0.002005988609896203,0.002005988609896203,0.0020222974603856247,0.0020059886099017543,0.002022297460385847,38.8395211087851,38.839521108788425,41.94797512192733,47.46041551603865,0.0026296390525181847,0.0014404955281102228,1.535985,0.5359849999999999,0,False,False,-0.0003742125266830154,0,0
2021-11-22 15:40:00,153.60750000000002,153.6295,153.60750000000002,153.6295,0.0022082183559346547,0.0022082183559346547,0.002208218355937319,0.0020647004716549677,0.002064700471652081,43.400773697034346,43.40077369703415,41.12014740290974,46.32815546956171,0.002565382181599474,0.0014539340209114905,1.536295,0.536295,0,False,False,0.00020182488761277817,0,0
2021-11-22 15:41:00,153.6155,153.6155,153.60399999999998,153.60399999999998,0.0020418680809672907,0.0020418680809672907,0.0021168887932101477,0.002041868080973064,0.0021168887932103697,40.696148161327514,40.69614816132706,42.04846092918095,45.291966391344765,0.0024691599637262753,0.0014650566569436052,1.5360399999999998,0.5360399999999998,0,False,False,-0.0001659837466113645,0,0
2021-11-22 15:42:00,153.5865,153.5865,153.56,153.56,0.0017548323123965925,0.0017548323123965925,0.0019277061275613239,0.0017548323124023657,0.001927706127561546,36.450116786871966,36.45011678687221,38.57313247409975,42.729891616339046,0.002352388594239496,0.0014742548486182604,1.5356,0.5356000000000001,0,False,False,-0.0002864508736750704,0,0
2021-11-22 15:43:00,153.5745,153.5745,153.5675,153.5675,0.0018037588638575297,0.0018037588638575297,0.00184942364522378,0.0018037588638633029,0.001849423645224002,37.65135083882465,37.651350838825856,37.05073381284832,40.79322326299697,0.002262363739551376,0.0014850839253416138,1.535675,0.5356749999999999,0,False,False,4.88408439698329e-05,0,0
2021-11-22 15:44:00,153.5815,153.607,153.5815,153.607,0.002061438701551843,0.002061438701551843,0.0020614387015547297,0.0018950884265904744,0.0018950884265875878,43.72091926168263,43.72091926168362,40.686135050253654,40.830751284227965,0.0022137633651001963,0.0014986528889467797,1.53607,0.53607,0,False,False,0.00025721588226668146,0,0
2021-11-22 15:45:00,153.5975,153.616,153.5975,153.616,0.0021201505633050566,0.0021201505633050566,0.002120150563307943,0.0019994650697070515,0.001999465069704165,45.04152433613593,45.041524336136625,44.381221798909294,40.828622027237444,0.002140047360899078,0.0015118956755422086,1.5361600000000002,0.5361600000000002,0,False,False,5.859107983363643e-05,0,0
2021-11-22 15:46:00,153.6135,153.6285,153.5815,153.6285,0.00220169481573973,0.00220169481573973,0.0022016948157426164,0.0018950884265904744,0.002103841712820742,46.915747423544346,46.91574742354158,45.978635879840155,41.982368643631624,0.00208883757036995,0.0015276826428136047,1.5362850000000001,0.5362850000000001,0,False,False,8.137173211109072e-05,0,0
2021-11-22 15:47:00,153.6415,153.6415,153.6265,153.6265,0.002188647735350102,0.002188647735350102,0.002286500838275085,0.0021886477353560974,0.002286500838275085,46.6400531594991,46.64005315949674,46.77790029152173,42.445122852555166,0.0020767690210095726,0.0015426215498596785,1.536265,0.536265,0,False,False,-1.3018417806653915e-05,0,0
2021-11-22 15:48:00,153.67149999999998,153.7005,153.67149999999998,153.7005,0.002671389709764771,0.002671389709764771,0.0026713897097678796,0.0024822070441217203,0.0024822070441188337,56.81260534804446,56.81260534804257,51.726329253771794,44.74747387922901,0.0021057987748763773,0.0015631054660713252,1.537005,0.537005,0,False,False,0.0004816877296560662,0,0
2021-11-22 15:49:00,153.7295,153.7295,153.7045,153.7285,0.002854048835218892,0.002854048835218892,0.0028605723754169254,0.0026974838705497994,0.0028605723754171475,59.94288155934268,59.94288155934105,58.37774345369358,48.10358313243911,0.002190604797408646,0.0015871773293901093,1.537285,0.537285,0,False,False,0.00018217247178764495,0,0
2021-11-22 15:50:00,153.7585,153.772,153.753,153.7715,0.0031345610635951093,0.0031345610635951093,0.0031378228336955694,0.0030138755699971043,0.0030497550410661933,64.25343028509221,64.25343028509255,62.09815592221746,51.903880196191615,0.002283239068174692,0.001613728137982916,1.537715,0.5377149999999999,0,False,False,0.0002797139112136193,0,0
2021-11-22 15:51:00,153.7755,153.78050000000002,153.7645,153.78050000000002,0.0031932729253483227,0.0031932729253483227,0.0031932729253516534,0.0030888962822372967,0.0031606552243776953,65.10486986812327,65.10486986812347,64.67915007660775,54.958730282826004,0.002398379552612795,0.0016417467431195532,1.537805,0.5378050000000001,0,False,False,5.852840090669886e-05,0,0
2021-11-22 15:52:00,153.7855,153.7935,153.7855,153.7935,0.0032780789478805694,0.0032780789478805694,0.0032780789478839,0.003225890626328054,0.0032258906263258336,66.3587458704811,66.35874587048272,65.7318078693022,58.004047644875314,0.0025507042161611927,0.0016710700562951486,1.537935,0.537935,0,False,False,8.453607577019184e-05,0,0
2021-11-22 15:53:00,153.81099999999998,153.8305,153.8105,153.8305,0.003519449935087904,0.003519449935087904,0.0035194499350912345,0.0033889791311976225,0.0033922409012927535,69.71418602079143,69.71418602079262,68.03646594563628,61.260967444482034,0.00272227332328423,0.0017018285483135986,1.538305,0.538305,0,False,False,0.00024058233930568385,0,0
2021-11-22 15:54:00,153.8285,153.8285,153.755,153.79000000000002,0.0032552465571988876,0.0032552465571988876,0.003506402854701607,0.00302692265038651,0.003506402854701829,62.34082847436692,62.34082847436653,66.0275072475792,63.503935346606006,0.0028416541088489345,0.0017305973605726377,1.5379000000000003,0.5379000000000003,0,False,False,-0.00026327678841309154,0,0
2021-11-22 15:55:00,153.77949999999998,153.8125,153.776,153.8115,0.003395502671386774,0.003395502671386774,0.0034020262115850297,0.003163916994477267,0.0031867493851569506,64.50014475053038,64.50014475053024,63.42048661244867,64.60215526124685,0.002969189319657106,0.0017613558525910854,1.538115,0.5381149999999999,0,False,False,0.00013980102737476408,0,0
2021-11-22 15:56:00,153.8035,153.8135,153.785,153.7855,0.003225890626322281,0.003225890626322281,0.0034085497517799546,0.0032226288562302585,0.0033433143498322604,59.993564036025994,59.99356403602569,62.2468543932782,64.60939561505876,0.003071608900715361,0.0017908748719725242,1.5378550000000002,0.5378550000000002,0,False,False,-0.00016903807582646646,0,0
2021-11-22 15:57:00,153.7985,153.815,153.7985,153.8115,0.003395502671386774,0.003395502671386774,0.0034183350620720088,0.0033106966488600786,0.0033106966488580802,62.80864308492307,62.80864308492288,61.401103560474546,64.40299744360603,0.0031922943943190284,0.001823199013637723,1.538115,0.5381149999999999,0,False,False,0.00016906665452842695,0,0
2021-11-22 15:58:00,153.8145,153.8235,153.7695,153.7705,0.0031280375234001845,0.0031280375234001845,0.0034737851537276487,0.003121513983211033,0.0034150732919748794,56.06873319611821,56.06873319611538,59.438688140520654,63.11212077617673,0.00323795917568257,0.0018515437957840975,1.5377049999999999,0.5377049999999999,0,False,False,-0.00026656004264957733,0,0
2021-11-22 15:59:00,153.76600000000002,153.8125,153.76600000000002,153.8115,0.003395502671386774,0.003395502671386774,0.0034020262115850297,0.003098681592529351,0.0030986815925275746,60.64391801022021,60.6439180102193,58.356325603169225,62.29571679613946,0.0032921045592993583,0.0018831177303268965,1.538115,0.5381149999999999,0,False,False,0.00026663111585123467,0,0
2021-11-22 16:00:00,153.8075,153.88049999999998,153.8075,153.88049999999998,0.003845626944827485,0.003845626944827485,0.0038456269448308156,0.00336940851061307,0.0033694085106112937,66.92412061996723,66.92412061996723,63.78401931509373,61.89713602459314,0.0033632111474225955,0.0019206280864469572,1.5388049999999998,0.5388049999999998,0,False,False,0.0004486010473858659,0,0
2021-11-22 16:01:00,153.884,153.8995,153.86950000000002,153.872,0.003790176853171845,0.003790176853171845,0.003969574208531945,0.003773868002690417,0.0038684593355129415,65.52863658739457,65.52863658739219,66.22637860368091,62.3525371835971,0.003422901540204948,0.001955626879592024,1.53872,0.5387200000000001,0,False,False,-5.5237668190377676e-05,0,0
2021-11-22 16:02:00,153.87349999999998,153.8775,153.85199999999998,153.85199999999998,0.0036597060492757905,0.0036597060492757905,0.003826056324246485,0.0036597060492811195,0.003799962163467674,62.22147310830411,62.22147310830345,63.875054847849356,62.02701266327906,0.00346106425034447,0.0019881793451640415,1.5385199999999997,0.5385199999999997,0,False,False,-0.0001299781636687758,0,0
2021-11-22 16:03:00,153.8595,153.8625,153.8055,153.8115,0.003395502671386774,0.003395502671386774,0.003728203221324611,0.0033563614302234424,0.0037086326007407244,56.019229806097,56.01922980609606,59.12035145720057,61.45925063043205,0.003448669523974357,0.002021057987745801,1.538115,0.5381149999999999,0,False,False,-0.00026323999687993815,0,0
2021-11-22 16:04:00,153.813,153.813,153.79500000000002,153.8045,0.0033498378900231884,0.0033498378900231884,0.003405287981682159,0.0032878642581781747,0.003405287981682825,54.992822712181656,54.99282271218073,55.50602625913935,60.34270486289757,0.003458128657256787,0.0020512619788476973,1.5380449999999999,0.5380449999999999,0,False,False,-4.5510251184155415e-05,0,0
2021-11-22 16:05:00,153.774,153.8145,153.774,153.80399999999997,0.003346576119925615,0.003346576119925615,0.0034150732919744353,0.0031508699140874175,0.003150869914086085,54.9149639876029,54.91496398760035,54.9538933498923,60.17788069025253,0.003453236002110671,0.002083162090400238,1.5380399999999996,0.5380399999999996,0,False,False,-3.250880175942328e-06,0,0
2021-11-22 16:06:00,153.8045,153.821,153.8025,153.821,0.003457476303237339,0.003457476303237339,0.0034574763032404476,0.003336790809639112,0.0033498378900271852,57.14955297119061,57.149552971189635,56.03225847939677,59.678685684676864,0.003476394569802177,0.002116986646310245,1.53821,0.5382100000000001,0,False,False,0.0001105302852983936,0,0
2021-11-22 16:07:00,153.812,153.8345,153.7835,153.7835,0.003212843545932653,0.003212843545932653,0.0035455440958700457,0.0032128435459379823,0.0033987644414883444,51.09741755610903,51.09741755610909,54.12348526364983,57.41772810412569,0.003458128657256765,0.0021484301100491545,1.537835,0.5378350000000001,0,False,False,-0.0002437898596420185,0,0
2021-11-22 16:08:00,153.769,153.79500000000002,153.753,153.79500000000002,0.0032878642581728457,0.0032878642581728457,0.0032878642581757322,0.00301387556999666,0.003118252213112127,52.75944972628965,52.75944972628941,51.928433641199355,55.59355855253928,0.003474111330734031,0.0021818306358465022,1.5379500000000002,0.5379500000000002,0,False,False,7.478045434017311e-05,0,0
2021-11-22 16:09:00,153.791,153.805,153.7825,153.792,0.003268293637588293,0.003268293637588293,0.0033530996601236485,0.0032063200057432795,0.003261770097397587,52.25752110953722,52.25752110953499,52.50848541791345,54.17013683842972,0.003461390427354183,0.0022134698057912528,1.53792,0.53792,0,False,False,-1.9506485906650717e-05,0,0
